Player,Team,S/C,Pos,DOB,Birth City,S/P,Ctry,Ntnlty,Ht,Wt,Draft Yr,Round,Overall,1st Season,HOF,GP,G,A,P
Justin Abdelkader,DET,L,L,1987-02-25,Muskegon,MI,USA,USA,74,213,2005,2,42,20072008,N,29,0,3,3
Pontus Aberg,TOR,R,L,1993-09-23,Stockholm,--,SWE,SWE,72,194,2012,2,37,20162017,N,3,0,1,1
Vitaly Abramov,OTT,L,L,1998-05-08,Chelyabinsk,--,RUS,RUS,70,180,2016,3,65,20182019,N,2,1,0,1
Noel Acciari,FLA,R,C,1991-12-01,Johnston,RI,USA,USA,70,203,--,--,--,20152016,N,42,17,3,20
Andrew Agozzino,PIT,L,L,1991-01-03,Kleinburg,ON,CAN,CAN,70,187,--,--,--,20142015,N,4,0,0,0
Sebastian Aho,CAR,L,C,1997-07-26,Rauma,--,FIN,FIN,72,176,2015,2,35,20162017,N,45,23,17,40
Michael Amadio,LAK,R,C,1996-05-13,Sault Ste. Marie,ON,CAN,CAN,73,204,2014,3,90,20172018,N,45,6,9,15
Josh Anderson,CBJ,R,R,1994-05-07,Burlington,ON,CAN,CAN,75,222,2012,4,95,20142015,N,26,1,3,4
Jaret Anderson-Dolan,LAK,L,C,1999-09-12,Calgary,AB,CAN,CAN,71,188,2017,2,41,20182019,N,1,0,0,0
Lias Andersson,NYR,L,C,1998-10-13,Smogen,--,SWE,SWE,73,190,2017,1,7,20172018,N,17,0,1,1
Rasmus Andersson,CGY,R,D,1996-10-27,Malmö,--,SWE,SWE,73,214,2015,2,53,20162017,N,47,3,10,13
Andy Andreoff,PHI,L,C,1991-05-17,Pickering,ON,CAN,CAN,73,203,2011,3,80,20142015,N,13,0,1,1
Artem Anisimov,OTT,L,C,1988-05-24,Yaroslavl,--,RUS,RUS,76,199,2006,2,54,20082009,N,27,8,2,10
Mason Appleton,WPG,R,C,1996-01-15,Green Bay,WI,USA,USA,74,193,2015,6,168,20182019,N,21,1,1,2
Josh Archibald,EDM,R,R,1992-10-06,Regina,SK,CAN,CAN,70,176,2011,6,174,20152016,N,38,4,3,7
Joel Armia,MTL,R,R,1993-05-31,Pori,--,FIN,FIN,76,213,2011,1,16,20142015,N,35,12,9,21
Viktor Arvidsson,NSH,R,R,1993-04-08,Skellefteå,--,SWE,SWE,69,180,2014,4,112,20142015,N,32,10,9,19
Rasmus Asplund,BUF,L,C,1997-12-03,Filipstad,--,SWE,SWE,71,190,2016,2,33,20192020,N,27,1,2,3
Zach Aston-Reese,PIT,L,C,1994-08-10,Staten Island,NY,USA,USA,72,204,--,--,--,20172018,N,45,5,6,11
Andreas Athanasiou,DET,L,L,1994-08-06,Woodbridge,ON,CAN,CAN,74,188,2012,4,110,20152016,N,36,5,14,19
Cam Atkinson,CBJ,R,R,1989-06-05,Riverside,CT,USA,USA,68,175,2008,6,157,20112012,N,35,9,12,21
Nicolas Aube-Kubel,PHI,R,R,1996-05-10,Slave Lake,AB,CAN,CAN,71,187,2014,2,48,20182019,N,12,2,2,4
David Backes,BOS,R,R,1984-05-01,Minneapolis,MN,USA,USA,75,215,2003,2,62,20062007,N,16,1,2,3
Mikael Backlund,CGY,L,C,1989-03-17,Vasteras,--,SWE,SWE,72,200,2007,1,24,20082009,N,47,6,15,21
Nicklas Backstrom,WSH,L,C,1987-11-23,Gävle,--,SWE,SWE,73,206,2006,1,4,20072008,N,38,9,26,35
Sven Baertschi,VAN,L,L,1992-10-05,Bern,--,CHE,CHE,71,190,2011,1,13,20112012,N,6,0,2,2
Josh Bailey,NYI,L,R,1989-10-02,Bowmanville,ON,CAN,CAN,73,200,2008,1,9,20082009,N,43,8,16,24
Rudolfs Balcers,OTT,L,L,1997-04-08,Liepaja,--,LVA,LVA,71,180,2015,5,142,20182019,N,5,0,1,1
Ivan Barbashev,STL,L,C,1995-12-14,Moscow,--,RUS,RUS,72,187,2014,2,33,20162017,N,44,6,13,19
Riley Barber,MTL,R,R,1994-02-07,Pittsburgh,PA,USA,USA,72,203,2012,6,167,20162017,N,9,0,0,0
Mark Barberio,COL,L,D,1990-03-23,Montreal,QC,CAN,CAN,73,200,2008,6,152,20122013,N,14,0,2,2
Cole Bardreau,NYI,R,C,1993-07-22,Fairport,NY,USA,USA,70,185,--,--,--,20192020,N,9,1,1,2
Aleksander Barkov,FLA,L,C,1995-09-02,Tampere,--,FIN,FIN,75,210,2013,1,2,20132014,N,45,14,35,49
Tyson Barrie,TOR,R,D,1991-07-26,Victoria,BC,CAN,CAN,71,197,2009,3,64,20112012,N,46,4,20,24
Mathew Barzal,NYI,R,C,1997-05-26,Coquitlam,BC,CAN,CAN,72,187,2015,1,16,20162017,N,43,17,20,37
Drake Batherson,OTT,R,R,1998-04-27,Fort Wayne,IN,USA,USA,75,206,2017,4,121,20182019,N,6,1,1,2
Jay Beagle,VAN,R,C,1985-10-16,Calgary,AB,CAN,CAN,75,210,--,--,--,20082009,N,37,1,3,4
Ethan Bear,EDM,R,D,1997-06-26,Regina,SK,CAN,CAN,71,197,2015,5,124,20172018,N,47,4,12,16
J.C. Beaudin,OTT,R,C,1997-03-25,Longueuil,QC,CAN,CAN,73,196,2015,3,71,20192020,N,22,0,1,1
Nathan Beaulieu,WPG,L,D,1992-12-05,Strathroy,ON,CAN,CAN,74,200,2011,1,17,20122013,N,21,0,4,4
Anthony Beauvillier,NYI,L,L,1997-06-08,Sorel-Tracy,QC,CAN,CAN,71,182,2015,1,28,20162017,N,43,10,13,23
Pierre-Edouard Bellemare,COL,L,C,1985-03-06,Le Blanc-Mesnil,--,FRA,FRA,72,198,--,--,--,20142015,N,44,7,9,16
Emil Bemstrom,CBJ,R,C,1999-06-01,Nykoping,--,SWE,SWE,72,190,2017,4,117,20192020,N,32,4,6,10
Jamie Benn,DAL,L,L,1989-07-18,Victoria,BC,CAN,CAN,74,210,2007,5,129,20092010,N,45,11,11,22
Jordie Benn,VAN,L,D,1987-07-26,Victoria,BC,CAN,CAN,74,199,--,--,--,20112012,N,38,0,6,6
Sam Bennett,CGY,L,C,1996-06-20,Holland Landing,ON,CAN,CAN,73,195,2014,1,4,20142015,N,31,4,2,6
Matt Benning,EDM,R,D,1994-05-25,Edmonton,AB,CAN,CAN,73,203,2012,6,175,20162017,N,24,0,5,5
Patrice Bergeron,BOS,R,C,1985-07-24,Ancienne-Lorette,QC,CAN,CAN,73,195,2003,2,45,20032004,N,37,19,19,38
Lean Bergmann,SJS,L,C,1998-10-04,Hemer,--,DEU,DEU,74,205,--,--,--,20192020,N,8,0,1,1
Tyler Bertuzzi,DET,L,L,1995-02-24,Sudbury,ON,CAN,CAN,73,199,2013,2,58,20162017,N,46,16,18,34
Alex Biega,DET,R,D,1988-04-04,Montreal,QC,CAN,CAN,70,199,2006,5,147,20142015,N,24,0,1,1
Jake Bischoff,VGK,L,D,1994-07-25,Cambridge,MN,USA,USA,73,194,2012,7,185,20192020,N,4,0,0,0
Clark Bishop,CAR,L,C,1996-03-29,St. John's,NL,CAN,CAN,73,199,2014,5,127,20182019,N,5,0,1,1
Anthony Bitetto,WPG,L,D,1990-07-15,Island Park,NY,USA,USA,73,210,2010,6,168,20142015,N,36,0,4,4
Anders Bjork,BOS,L,L,1996-08-05,Mequon,WI,USA,USA,72,190,2014,5,146,20172018,N,38,6,6,12
Oliver Bjorkstrand,CBJ,R,R,1995-04-10,Herning,--,DNK,DNK,72,177,2013,3,89,20152016,N,36,12,11,23
Tobias Bjornfot,LAK,L,D,2001-04-06,Upplands Vasby,--,SWE,SWE,72,202,2019,1,22,20192020,N,3,0,0,0
Nick Bjugstad,PIT,R,C,1992-07-17,Minneapolis,MN,USA,USA,78,215,2010,1,19,20122013,N,10,1,0,1
Colin Blackwell,NSH,R,C,1993-03-28,Lawrence,MA,USA,USA,69,190,2011,7,194,20182019,N,12,1,3,4
Sammy Blais,STL,L,L,1996-06-17,Montmagny,QC,CAN,CAN,74,205,2014,6,176,20172018,N,20,5,3,8
Joseph Blandisi,PIT,L,C,1994-07-18,Markham,ON,CAN,CAN,71,187,2012,6,162,20152016,N,21,2,3,5
Joachim Blichfeld,SJS,R,R,1998-07-17,Frederikshavn,--,DNK,DNK,74,180,2016,7,210,20192020,N,2,0,0,0
Teddy Blueger,PIT,L,C,1994-08-15,Riga,--,LVA,LVA,72,185,2012,2,52,20182019,N,45,6,10,16
Mikkel Boedker,OTT,L,L,1989-12-16,Brondby,--,DNK,DNK,71,207,2008,1,8,20082009,N,7,0,1,1
Brock Boeser,VAN,R,R,1997-02-25,Burnsville,MN,USA,USA,73,208,2015,1,23,20162017,N,46,16,27,43
Zach Bogosian,BUF,R,D,1990-07-15,Massena,NY,USA,USA,75,226,2008,1,3,20082009,N,16,1,4,5
Nick Bonino,NSH,L,C,1988-04-20,Hartford,CT,USA,USA,73,196,2007,6,173,20092010,N,44,14,11,25
Adam Boqvist,CHI,R,D,2000-08-15,Falun,--,SWE,SWE,71,179,2018,1,8,20192020,N,21,2,4,6
Jesper Boqvist,NJD,L,C,1998-10-30,Falun,--,SWE,SWE,72,180,2017,2,36,20192020,N,31,4,0,4
Henrik Borgstrom,FLA,L,C,1997-08-06,Helsinki,--,FIN,FIN,75,199,2016,1,23,20172018,N,4,0,0,0
Mark Borowiecki,OTT,L,D,1989-07-12,Ottawa,ON,CAN,CAN,74,204,2008,5,139,20112012,N,43,5,11,16
Robert Bortuzzo,STL,R,D,1989-03-18,Thunder Bay,ON,CAN,CAN,76,216,2007,3,78,20112012,N,27,1,2,3
Gabriel Bourque,WPG,L,L,1990-09-23,Rimouski,QC,CAN,CAN,70,206,2009,5,131,20112012,N,31,2,3,5
Jay Bouwmeester,STL,L,D,1983-09-27,Edmonton,AB,CAN,CAN,76,206,2002,1,3,20022003,N,46,1,5,6
Madison Bowey,DET,R,D,1995-04-22,Winnipeg,MB,CAN,CAN,74,202,2013,2,53,20172018,N,35,3,11,14
Johnny Boychuk,NYI,R,D,1984-01-19,Edmonton,AB,CAN,CAN,74,227,2002,2,61,20072008,N,42,2,8,10
Travis Boyd,WSH,R,C,1993-09-14,Hopkins,MN,USA,USA,72,190,2011,6,177,20172018,N,19,2,6,8
Brian Boyle,FLA,L,C,1984-12-18,Hingham,MA,USA,USA,78,245,2003,1,26,20072008,N,34,5,8,13
Tyler Bozak,STL,R,C,1986-03-19,Regina,SK,CAN,CAN,73,199,--,--,--,20092010,N,45,10,13,23
Erik Brannstrom,OTT,L,D,1999-09-02,Eksjo,--,SWE,SWE,69,181,2017,1,15,20182019,N,31,0,4,4
Derick Brassard,NYI,L,C,1987-09-22,Hull,QC,CAN,CAN,73,202,2006,1,6,20072008,N,43,8,13,21
Jesper Bratt,NJD,L,L,1998-07-30,Stockholm,--,SWE,SWE,70,175,2016,6,162,20172018,N,37,8,7,15
Justin Braun,PHI,R,D,1987-02-10,Minneapolis,MN,USA,USA,74,205,2007,7,201,20102011,N,42,2,8,10
TJ Brodie,CGY,L,D,1990-06-07,Chatham,ON,CAN,CAN,73,185,2008,4,114,20102011,N,41,1,13,14
Jonas Brodin,MIN,L,D,1993-07-12,Karlstad,--,SWE,SWE,73,194,2011,1,10,20122013,N,45,1,17,18
Jonny Brodzinski,SJS,R,C,1993-06-19,Ham Lake,MN,USA,USA,73,215,2013,5,148,20162017,N,3,0,1,1
Adam Brooks,TOR,L,C,1996-05-06,Winnipeg,MB,CAN,CAN,70,185,2016,4,92,20192020,N,6,0,3,3
Troy Brouwer,STL,R,R,1985-08-17,Vancouver,BC,CAN,CAN,75,213,2004,7,214,20062007,N,10,1,0,1
Connor Brown,OTT,R,R,1994-01-14,Toronto,ON,CAN,CAN,72,186,2012,6,156,20152016,N,45,7,18,25
Dustin Brown,LAK,R,R,1984-11-04,Ithaca,NY,USA,USA,72,210,2003,1,13,20032004,N,43,8,11,19
Josh Brown,FLA,R,D,1994-01-21,London,ON,CAN,CAN,77,217,2013,6,152,20182019,N,40,3,2,5
Logan Brown,OTT,L,C,1998-03-05,Raleigh,NC,USA,USA,78,220,2016,1,11,20172018,N,23,1,7,8
Pavel Buchnevich,NYR,L,R,1995-04-17,Cherepovets,--,RUS,RUS,75,197,2013,3,75,20162017,N,44,7,18,25
Connor Bunnaman,PHI,L,C,1998-04-16,Guelph,ON,CAN,CAN,73,207,2016,4,109,20192020,N,4,0,0,0
Andre Burakovsky,COL,L,L,1995-02-09,Klagenfurt,--,AUT,SWE,75,201,2013,1,23,20142015,N,42,13,15,28
Brent Burns,SJS,R,D,1985-03-09,Barrie,ON,CAN,CAN,77,230,2003,1,20,20032004,N,47,9,23,32
Will Butcher,NJD,L,D,1995-01-06,Sun Prairie,WI,USA,USA,70,190,2013,5,123,20172018,N,42,4,10,14
Paul Byron,MTL,L,L,1989-04-27,Ottawa,ON,CAN,CAN,69,158,2007,6,179,20102011,N,19,1,3,4
Nick Caamano,DAL,L,R,1998-09-07,Hamilton,ON,CAN,CAN,75,200,2016,5,146,20192020,N,12,1,1,2
Drake Caggiula,CHI,L,C,1994-06-20,Pickering,ON,CAN,CAN,70,176,--,--,--,20162017,N,17,3,1,4
Matt Calvert,COL,L,L,1989-12-24,Brandon,MB,CAN,CAN,71,186,2008,5,127,20102011,N,38,11,12,23
Kyle Capobianco,ARI,L,D,1997-08-13,Mississauga,ON,CAN,CAN,73,196,2015,3,63,20172018,N,7,1,0,1
Paul Carey,BOS,L,C,1988-09-24,Boston,MA,USA,USA,73,200,2007,5,135,20132014,N,1,0,0,0
Brandon Carlo,BOS,R,D,1996-11-26,Colorado Springs,CO,USA,USA,77,212,2015,2,37,20162017,N,46,4,9,13
John Carlson,WSH,R,D,1990-01-10,Natick,MA,USA,USA,75,217,2008,1,27,20092010,N,46,13,42,55
Gabriel Carlsson,CBJ,L,D,1997-01-02,Orebro,--,SWE,SWE,77,192,2015,1,29,20162017,N,6,0,0,0
Ryan Carpenter,CHI,R,C,1991-01-18,Oviedo,FL,USA,USA,72,200,--,--,--,20152016,N,45,2,9,11
Daniel Carr,NSH,L,L,1991-11-01,Sherwood Park,AB,CAN,CAN,72,193,--,--,--,20152016,N,11,1,0,1
Connor Carrick,NJD,R,D,1994-04-13,Orland Park,IL,USA,USA,71,192,2012,5,137,20132014,N,8,0,2,2
Sam Carrick,ANA,R,C,1992-02-04,Markham,ON,CAN,CAN,72,205,2010,5,144,20142015,N,9,1,1,2
Trevor Carrick,SJS,L,D,1994-07-04,Stouffville,ON,CAN,CAN,74,196,2012,4,115,20152016,N,3,0,0,0
Alexandre Carrier,NSH,R,D,1996-10-08,Quebec City,QC,CAN,CAN,71,174,2015,4,115,20162017,N,2,0,0,0
William Carrier,VGK,L,L,1994-12-20,LaSalle,QC,CAN,CAN,74,218,2013,2,57,20162017,N,48,5,8,13
Jeff Carter,LAK,R,C,1985-01-01,London,ON,CAN,CAN,75,219,2003,1,11,20052006,N,47,12,8,20
Colby Cave,EDM,L,C,1994-12-26,Battleford,SK,CAN,CAN,73,200,--,--,--,20172018,N,5,1,0,1
Cody Ceci,TOR,R,D,1993-12-21,Ottawa,ON,CAN,CAN,74,210,2012,1,15,20132014,N,46,1,6,7
Peter Cehlarik,BOS,L,L,1995-08-02,Zilina,--,SVK,SVK,74,202,2013,3,90,20162017,N,3,0,1,1
Erik Cernak,TBL,R,D,1997-05-28,Kosice,--,SVK,SVK,75,233,2015,2,43,20182019,N,42,3,5,8
Thomas Chabot,OTT,L,D,1997-01-30,Sainte-Marie,QC,CAN,CAN,74,190,2015,1,18,20162017,N,45,4,21,25
Zdeno Chara,BOS,L,D,1977-03-18,Trencin,--,SVK,SVK,81,250,1996,3,56,19971998,N,44,5,8,13
Ben Chiarot,MTL,L,D,1991-05-09,Hamilton,ON,CAN,CAN,75,225,2009,4,119,20132014,N,44,7,8,15
Alex Chiasson,EDM,R,R,1990-10-01,Montreal,QC,CAN,CAN,76,208,2009,2,38,20122013,N,41,6,9,15
Filip Chlapik,OTT,L,C,1997-06-03,Prague,--,CZE,CZE,74,194,2015,2,48,20172018,N,20,2,3,5
Dennis Cholowski,DET,L,D,1998-02-15,Langley,BC,CAN,CAN,74,197,2016,1,20,20182019,N,29,2,6,8
Jakob Chychrun,ARI,L,D,1998-03-31,Boca Raton,FL,USA,USA,74,210,2016,1,16,20162017,N,48,10,9,19
Filip Chytil,NYR,L,C,1999-09-05,Kromeriz,--,CZE,CZE,74,206,2017,1,21,20172018,N,35,11,5,16
Anthony Cirelli,TBL,L,C,1997-07-15,Etobicoke,ON,CAN,CAN,72,193,2015,3,72,20172018,N,44,9,18,27
Casey Cizikas,NYI,L,C,1991-02-27,Toronto,ON,CAN,CAN,71,195,2009,4,92,20112012,N,38,9,4,13
Kale Clague,LAK,L,D,1998-06-05,Regina,SK,CAN,CAN,72,177,2016,2,51,20192020,N,4,0,0,0
Kyle Clifford,LAK,L,L,1991-01-13,Ayr,ON,CAN,CAN,74,211,2009,2,35,20102011,N,46,5,7,12
Connor Clifton,BOS,R,D,1995-04-28,Long Branch,NJ,USA,USA,71,175,2013,5,133,20182019,N,30,2,0,2
Cal Clutterbuck,NYI,R,R,1987-11-18,Welland,ON,CAN,CAN,71,216,2006,3,72,20072008,N,33,3,4,7
Braydon Coburn,TBL,L,D,1985-02-27,Shaunavon,SK,CAN,CAN,77,223,2003,1,8,20052006,N,24,1,1,2
Andrew Cogliano,DAL,L,C,1987-06-14,Toronto,ON,CAN,CAN,70,175,2005,1,25,20072008,N,44,2,7,9
Ian Cole,COL,L,D,1989-02-21,Ann Arbor,MI,USA,USA,73,225,2007,1,18,20102011,N,40,4,16,20
Blake Coleman,NJD,L,C,1991-11-28,Plano,TX,USA,USA,71,200,2011,3,75,20162017,N,45,15,8,23
Blake Comeau,DAL,R,L,1986-02-18,Meadow Lake,SK,CAN,CAN,73,200,2004,2,47,20062007,N,31,6,4,10
J.T. Compher,COL,R,L,1995-04-08,Northbrook,IL,USA,USA,72,190,2013,2,35,20162017,N,42,7,16,23
Max Comtois,ANA,L,L,1999-01-08,Longueuil,QC,CAN,CAN,74,215,2017,2,50,20182019,N,28,4,6,10
Cory Conacher,TBL,L,C,1989-12-14,Burlington,ON,CAN,CAN,68,185,--,--,--,20122013,N,4,0,1,1
Kevin Connauton,COL,L,D,1990-02-23,Edmonton,AB,CAN,CAN,74,205,2009,3,83,20132014,N,1,0,0,0
Brett Connolly,FLA,R,R,1992-05-02,Campbell River,BC,CAN,CAN,75,192,2010,1,6,20112012,N,45,16,13,29
Kyle Connor,WPG,L,L,1996-12-09,Shelby Township,MI,USA,USA,73,182,2015,1,17,20162017,N,46,22,22,44
Andrew Copp,WPG,L,C,1994-07-08,Ann Arbor,MI,USA,USA,73,206,2013,4,104,20142015,N,38,7,9,16
Nick Cousins,MTL,L,C,1993-07-20,Belleville,ON,CAN,CAN,71,183,2011,3,68,20142015,N,40,5,8,13
Logan Couture,SJS,L,C,1989-03-28,Guelph,ON,CAN,CAN,73,200,2007,1,9,20092010,N,45,14,22,36
Sean Couturier,PHI,L,C,1992-12-07,Phoenix,AZ,USA,CAN,75,211,2011,1,8,20112012,N,45,12,24,36
Charlie Coyle,BOS,R,C,1992-03-02,E. Weymouth,MA,USA,USA,75,220,2010,1,28,20122013,N,46,8,15,23
Sidney Crosby,PIT,L,C,1987-08-07,Cole Harbour,NS,CAN,CAN,71,200,2005,1,1,20052006,N,17,5,12,17
Lawson Crouse,ARI,L,L,1997-06-23,Mt. Brydges,ON,CAN,CAN,76,220,2015,1,11,20162017,N,44,10,5,15
Austin Czarnik,CGY,R,C,1992-12-12,Detroit,MI,USA,USA,69,170,--,--,--,20162017,N,8,2,1,3
Kirby Dach,CHI,R,C,2001-01-21,Fort Saskatchewan,AB,CAN,CAN,76,197,2019,1,3,20192020,N,40,6,5,11
Evgenii Dadonov,FLA,L,R,1989-03-12,Chelyabinsk,--,RUS,RUS,71,185,2007,3,71,20092010,N,45,19,17,36
Rasmus Dahlin,BUF,L,D,2000-04-13,Lidkoping,--,SWE,SWE,75,193,2018,1,1,20182019,N,38,2,24,26
Carl Dahlstrom,WPG,L,D,1995-01-28,Stockholm,--,SWE,SWE,76,231,2013,2,51,20172018,N,14,0,0,0
Michael Dal Colle,NYI,L,L,1996-06-20,Woodbridge,ON,CAN,CAN,75,204,2014,1,5,20172018,N,32,2,4,6
Trevor Daley,DET,L,D,1983-10-09,Toronto,ON,CAN,CAN,71,199,2002,2,43,20032004,N,22,0,1,1
Phillip Danault,MTL,L,C,1993-02-24,Victoriaville,QC,CAN,CAN,73,201,2011,1,26,20142015,N,46,11,20,31
Marko Dano,CBJ,L,L,1994-11-30,Eisenstadt,--,AUT,SVK,71,201,2013,1,27,20142015,N,3,0,0,0
Brandon Davidson,CGY,L,D,1991-08-21,Taber,AB,CAN,CAN,74,208,2010,6,162,20142015,N,3,0,0,0
Jonathan Davidsson,OTT,R,R,1997-03-12,Tyreso,--,SWE,SWE,71,185,2017,6,170,20192020,N,6,0,1,1
Calvin de Haan,CHI,L,D,1991-05-09,Carp,ON,CAN,CAN,73,195,2009,1,12,20112012,N,29,1,5,6
Jacob de la Rose,STL,L,L,1995-05-20,Arvika,--,SWE,SWE,75,215,2013,2,34,20142015,N,41,2,7,9
Jean-Sebastien Dea,BUF,R,C,1994-02-08,Laval,QC,CAN,CAN,71,168,--,--,--,20162017,N,1,0,0,0
Tony DeAngelo,NYR,R,D,1995-10-24,Sewell,NJ,USA,USA,71,180,2014,1,19,20162017,N,44,11,25,36
Alex DeBrincat,CHI,R,L,1997-12-18,Farmington Hills,MI,USA,USA,67,165,2016,2,39,20172018,N,46,11,21,32
Jake DeBrusk,BOS,L,L,1996-10-17,Edmonton,AB,CAN,CAN,72,188,2015,1,14,20172018,N,41,14,11,25
Danny DeKeyser,DET,L,D,1990-03-07,Detroit,MI,USA,USA,75,190,--,--,--,20122013,N,8,0,4,4
Michael Del Zotto,ANA,L,D,1990-06-24,Stouffville,ON,CAN,CAN,72,195,2008,1,20,20092010,N,30,1,7,8
Dylan DeMelo,OTT,R,D,1993-05-01,London,ON,CAN,CAN,72,191,2011,6,179,20152016,N,35,0,6,6
Jason Demers,ARI,R,D,1988-06-09,Dorval,QC,CAN,CAN,73,195,2008,7,186,20092010,N,40,0,6,6
Travis Dermott,TOR,L,D,1996-12-22,Newmarket,ON,CAN,CAN,72,205,2015,2,34,20172018,N,33,4,4,8
Nicolas Deslauriers,ANA,L,L,1991-02-22,LaSalle,QC,CAN,CAN,75,219,2009,3,84,20132014,N,33,1,4,5
Thomas Di Pauli,PIT,L,C,1994-04-29,Woodbridge,IL,USA,USA,71,188,2012,4,100,20192020,N,2,0,0,0
Jason Dickinson,DAL,L,C,1995-07-04,Georgetown,ON,CAN,CAN,74,200,2013,1,29,20152016,N,41,5,8,13
Brenden Dillon,SJS,L,D,1990-11-13,New Westminster,BC,CAN,CAN,76,225,--,--,--,20112012,N,47,1,10,11
Christian Djoos,WSH,L,D,1994-08-06,Gothenburg,--,SWE,SWE,72,180,2012,7,195,20172018,N,2,0,0,0
Noah Dobson,NYI,R,D,2000-01-07,Summerside,PE,CAN,CAN,76,184,2018,1,12,20192020,N,16,0,3,3
Max Domi,MTL,L,C,1995-03-02,Winnipeg,MB,CAN,CAN,70,192,2013,1,12,20152016,N,46,12,21,33
Ryan Donato,MIN,L,C,1996-04-09,Boston,MA,USA,USA,72,192,2014,2,56,20172018,N,42,8,5,13
Joonas Donskoi,COL,R,R,1992-04-13,Raahe,--,FIN,FIN,72,190,2010,4,99,20152016,N,44,14,15,29
Drew Doughty,LAK,R,D,1989-12-08,London,ON,CAN,CAN,73,202,2008,1,2,20082009,N,47,6,20,26
Nic Dowd,WSH,R,C,1990-05-27,Huntsville,AL,USA,USA,73,195,2009,7,197,20152016,N,33,5,5,10
Justin Dowling,DAL,L,C,1990-10-01,Calgary,AB,CAN,CAN,70,180,--,--,--,20162017,N,24,3,3,6
Leon Draisaitl,EDM,L,C,1995-10-27,Cologne,--,DEU,DEU,74,208,2014,1,3,20142015,N,47,25,45,70
Sheldon Dries,COL,L,C,1994-04-23,Macomb,MI,USA,USA,69,180,--,--,--,20182019,N,1,0,0,0
Jonathan Drouin,MTL,L,L,1995-03-28,Ste-Agathe,QC,CAN,CAN,72,197,2013,1,3,20142015,N,19,7,8,15
Dillon Dube,CGY,L,C,1998-07-20,Golden,BC,CAN,CAN,71,187,2016,2,56,20182019,N,23,4,5,9
Pierre-Luc Dubois,CBJ,L,C,1998-06-24,Ste-Agathe-des-Monts,QC,CAN,CAN,75,218,2016,1,3,20172018,N,46,15,19,34
Matt Duchene,NSH,L,C,1991-01-16,Haliburton,ON,CAN,CAN,71,195,2009,1,3,20092010,N,41,10,20,30
Anthony Duclair,OTT,L,L,1995-08-26,Pointe-Claire,QC,CAN,CAN,71,198,2013,3,80,20142015,N,44,21,11,32
Matt Dumba,MIN,R,D,1994-07-25,Regina,SK,CAN,CAN,72,180,2012,1,7,20132014,N,45,3,10,13
Gabriel Dumont,MIN,R,C,1990-10-06,Degelis,QC,CAN,CAN,70,191,2009,5,138,20112012,N,3,0,0,0
Brian Dumoulin,PIT,L,D,1991-09-06,Biddeford,ME,USA,USA,76,207,2009,2,51,20132014,N,23,1,6,7
Vince Dunn,STL,L,D,1996-10-29,Mississauga,ON,CAN,CAN,72,203,2015,2,56,20172018,N,46,7,7,14
Christian Dvorak,ARI,L,C,1996-02-02,Palos,IL,USA,USA,72,195,2014,2,58,20162017,N,48,11,16,27
Ryan Dzingel,CAR,L,C,1992-03-09,Wheaton,IL,USA,USA,72,190,2011,7,204,20152016,N,45,8,18,26
Cody Eakin,VGK,L,C,1991-05-24,Winnipeg,MB,CAN,CAN,72,183,2009,3,85,20112012,N,27,3,4,7
Jordan Eberle,NYI,R,R,1990-05-15,Regina,SK,CAN,CAN,71,187,2008,1,22,20102011,N,33,4,14,18
Alexander Edler,VAN,L,D,1986-04-21,Ostersund,--,SWE,SWE,75,212,2004,3,91,20062007,N,36,4,16,20
Joel Edmundson,CAR,L,D,1993-06-28,Brandon,MB,CAN,CAN,76,215,2011,2,46,20152016,N,45,4,7,11
Nikolaj Ehlers,WPG,L,L,1996-02-14,Aalborg,--,DNK,DNK,72,172,2014,1,9,20152016,N,46,18,19,37
Christoffer Ehn,DET,L,C,1996-04-05,Skara,--,SWE,SWE,75,195,2014,4,106,20182019,N,34,1,0,1
Jack Eichel,BUF,R,C,1996-10-28,North Chelmsford,MA,USA,USA,74,203,2015,1,2,20152016,N,45,27,32,59
Aaron Ekblad,FLA,R,D,1996-02-07,Windsor,ON,CAN,CAN,76,215,2014,1,1,20142015,N,43,5,19,24
Mattias Ekholm,NSH,L,D,1990-05-24,Borlange,--,SWE,SWE,76,215,2009,4,102,20112012,N,43,5,20,25
Oliver Ekman-Larsson,ARI,L,D,1991-07-17,Karlskrona,--,SWE,SWE,74,200,2009,1,6,20102011,N,48,5,15,20
Lars Eller,WSH,L,C,1989-05-08,Rodovre,--,DNK,DNK,74,205,2007,1,13,20092010,N,46,11,15,26
Ryan Ellis,NSH,R,D,1991-01-03,Hamilton,ON,CAN,CAN,70,180,2009,1,11,20112012,N,39,6,22,28
Deryk Engelland,VGK,R,D,1982-04-03,Edmonton,AB,CAN,CAN,74,212,2000,6,194,20092010,N,43,1,5,6
Andreas Englund,OTT,L,D,1996-01-21,Stockholm,--,SWE,SWE,75,189,2014,2,40,20162017,N,12,0,2,2
Pierre Engvall,TOR,L,L,1996-05-31,Ljungby,--,SWE,SWE,77,214,2014,7,188,20192020,N,24,7,5,12
Tyler Ennis,OTT,L,R,1989-10-06,Edmonton,AB,CAN,CAN,69,161,2008,1,26,20092010,N,45,11,14,25
Jonathan Ericsson,DET,L,D,1984-03-02,Karlskrona,--,SWE,SWE,76,218,2002,9,291,20072008,N,9,0,0,0
Loui Eriksson,VAN,L,L,1985-07-17,Gothenburg,--,SWE,SWE,74,179,2003,2,33,20062007,N,27,4,2,6
Joel Eriksson Ek,MIN,L,C,1997-01-29,Karlstad,--,SWE,SWE,73,210,2015,1,20,20162017,N,38,3,14,17
Adam Erne,DET,L,L,1995-04-20,New Haven,CT,USA,USA,73,212,2013,2,33,20162017,N,37,2,1,3
Robby Fabbri,DET,L,C,1996-01-22,Mississauga,ON,CAN,CAN,70,190,2014,1,21,20152016,N,38,11,11,22
Dante Fabbro,NSH,R,D,1998-06-20,Coquitlam,BC,CAN,CAN,72,189,2016,1,17,20182019,N,39,4,5,9
Radek Faksa,DAL,L,C,1994-01-09,Vitkov,--,CZE,CZE,75,220,2012,1,13,20152016,N,45,9,7,16
Oscar Fantenberg,VAN,L,D,1991-10-07,Ljunby,--,SWE,SWE,72,206,--,--,--,20172018,N,18,1,1,2
Joel Farabee,PHI,L,L,2000-02-25,Syracuse,NY,USA,USA,72,164,2018,1,14,20192020,N,36,3,9,12
Jesper Fast,NYR,R,R,1991-12-02,Nassjo,--,SWE,SWE,73,191,2010,6,157,20132014,N,43,7,11,18
Justin Faulk,STL,R,D,1992-03-20,South St. Paul,MN,USA,USA,72,217,2010,2,37,20112012,N,46,3,9,12
Taylor Fedun,DAL,R,D,1988-06-04,Edmonton,AB,CAN,CAN,73,200,--,--,--,20132014,N,27,2,7,9
Martin Fehervary,WSH,L,D,1999-10-06,Bratislava,--,SVK,SVK,74,200,2018,2,46,20192020,N,3,0,0,0
Micheal Ferland,VAN,L,L,1992-04-20,Swan River,MB,CAN,CAN,73,217,2010,5,133,20142015,N,14,1,4,5
Mario Ferraro,SJS,L,D,1998-09-17,Toronto,ON,CAN,CAN,71,185,2017,2,49,20192020,N,41,1,6,7
Kevin Fiala,MIN,L,L,1996-07-22,St. Gallen,--,CHE,CHE,70,193,2014,1,11,20142015,N,40,9,16,25
Valtteri Filppula,DET,L,C,1984-03-20,Vantaa,--,FIN,FIN,72,189,2002,3,95,20052006,N,45,3,12,15
Christian Fischer,ARI,R,R,1997-04-15,Chicago,IL,USA,USA,74,214,2015,2,32,20162017,N,42,5,3,8
Cale Fleury,MTL,R,D,1998-11-19,Carlyle,SK,CAN,CAN,73,205,2017,3,87,20192020,N,39,1,0,1
Haydn Fleury,CAR,L,D,1996-07-08,Carlyle,SK,CAN,CAN,75,208,2014,1,7,20172018,N,24,2,3,5
Warren Foegele,CAR,L,L,1996-04-01,Markham,ON,CAN,CAN,74,198,2014,3,67,20172018,N,45,10,12,22
Steven Fogarty,NYR,R,C,1993-04-19,Chambersburg,PA,USA,USA,75,208,2011,3,72,20172018,N,6,0,0,0
Marcus Foligno,MIN,L,L,1991-08-10,Buffalo,NY,USA,CAN,75,224,2009,4,104,20112012,N,35,8,9,17
Nick Foligno,CBJ,L,L,1987-10-31,Buffalo,NY,USA,USA,72,208,2006,1,28,20072008,N,43,4,13,17
Christian Folin,MTL,R,D,1991-02-09,Gothenburg,--,SWE,SWE,76,204,--,--,--,20132014,N,5,0,1,1
Derek Forbort,LAK,L,D,1992-03-04,Duluth,MN,USA,USA,76,219,2010,1,15,20152016,N,3,0,0,0
Filip Forsberg,NSH,R,L,1994-08-13,Ostervala,--,SWE,SWE,73,205,2012,1,11,20122013,N,38,15,16,31
Cam Fowler,ANA,L,D,1991-12-05,Windsor,ON,CAN,USA,73,207,2010,1,12,20102011,N,45,9,14,23
Adam Fox,NYR,R,D,1998-02-17,Jericho,NY,USA,USA,71,181,2016,3,66,20192020,N,44,5,19,24
Trent Frederic,BOS,L,C,1998-02-11,St. Louis,MO,USA,USA,74,203,2016,1,29,20182019,N,2,0,0,0
Mark Friedman,PHI,R,D,1995-12-25,Toronto,ON,CAN,CAN,71,185,2014,3,86,20182019,N,2,0,0,0
Martin Frk,LAK,R,R,1993-10-05,Pelhrimov,--,CZE,CZE,73,205,2012,2,49,20162017,N,4,3,0,3
Michael Frolik,BUF,L,R,1988-02-17,Kladno,--,CZE,CZE,73,190,2006,1,10,20082009,N,41,5,6,11
Morgan Frost,PHI,L,C,1999-05-14,Aurora,ON,CAN,CAN,71,170,2017,1,27,20192020,N,18,2,5,7
Sam Gagner,EDM,R,C,1989-08-10,London,ON,CAN,CAN,71,200,2007,1,6,20072008,N,22,1,7,8
Alex Galchenyuk,PIT,L,C,1994-02-12,Milwaukee,WI,USA,USA,73,207,2012,1,3,20122013,N,36,4,11,15
Brendan Gallagher,MTL,R,R,1992-05-06,Edmonton,AB,CAN,CAN,69,184,2010,5,147,20122013,N,41,15,17,32
Dylan Gambrell,SJS,R,C,1996-08-26,Bonney Lake,WA,USA,USA,72,185,2016,2,60,20172018,N,30,2,4,6
Jake Gardiner,CAR,L,D,1990-07-04,Minnetonka,MN,USA,USA,74,203,2008,1,17,20112012,N,45,3,9,12
Rhett Gardner,DAL,L,C,1996-02-28,Moose Jaw,SK,CAN,CAN,75,225,2016,4,116,20192020,N,8,0,0,0
Conor Garland,ARI,R,R,1996-03-11,Scituate,MA,USA,USA,70,165,2015,5,123,20182019,N,47,15,8,23
Adam Gaudette,VAN,R,C,1996-10-03,Braintree,MA,USA,USA,73,170,2015,5,149,20172018,N,36,8,11,19
Johnny Gaudreau,CGY,L,L,1993-08-13,Salem,NJ,USA,USA,69,165,2011,4,104,20132014,N,47,13,25,38
Brendan Gaunce,BOS,L,C,1994-03-25,Sudbury,ON,CAN,CAN,74,217,2012,1,26,20152016,N,1,0,1,1
Frederik Gauthier,TOR,L,C,1995-04-26,Laval,QC,CAN,CAN,77,239,2013,1,21,20152016,N,42,5,4,9
Julien Gauthier,CAR,R,R,1997-10-15,Pointe-aux-Trembles,QC,CAN,CAN,76,227,2016,1,21,20192020,N,5,0,1,1
Vladislav Gavrikov,CBJ,L,D,1995-11-21,Yaroslavl,--,RUS,RUS,75,213,2015,6,159,20192020,N,45,4,4,8
Nathan Gerbe,CBJ,L,C,1987-07-24,Oxford,MI,USA,USA,64,169,2005,5,142,20082009,N,10,3,3,6
Tim Gettinger,NYR,L,L,1998-04-14,Cleveland,OH,USA,USA,78,218,2016,5,141,20182019,N,2,0,1,1
Ryan Getzlaf,ANA,R,C,1985-05-10,Regina,SK,CAN,CAN,75,228,2003,1,19,20052006,N,43,11,19,30
Brian Gibbons,CAR,L,C,1988-02-26,Braintree,MA,USA,USA,68,175,--,--,--,20132014,N,15,0,0,0
Dennis Gilbert,CHI,L,D,1996-10-30,Buffalo,NY,USA,USA,74,216,2015,3,91,20182019,N,20,1,2,3
John Gilmour,BUF,L,D,1993-05-17,Montreal,QC,CAN,CAN,72,188,2013,7,198,20172018,N,4,0,0,0
Mark Giordano,CGY,L,D,1983-10-03,Toronto,ON,CAN,CAN,73,200,--,--,--,20052006,N,47,5,16,21
Samuel Girard,COL,L,D,1998-05-12,Roberval,QC,CAN,CAN,70,170,2016,2,47,20172018,N,45,1,24,25
Zemgus Girgensons,BUF,L,C,1994-01-05,Riga,--,LVA,LVA,74,211,2012,1,14,20132014,N,46,8,4,12
Claude Giroux,PHI,R,C,1988-01-12,Hearst,ON,CAN,CAN,71,185,2006,1,22,20072008,N,45,13,18,31
Cody Glass,VGK,R,C,1999-04-01,Winnipeg,MB,CAN,CAN,74,192,2017,1,6,20192020,N,37,5,7,12
Luke Glendening,DET,R,C,1989-04-28,Grand Rapids,MI,USA,USA,71,191,--,--,--,20132014,N,35,6,3,9
Nikolay Goldobin,VAN,L,R,1995-10-07,Moscow,--,RUS,RUS,71,196,2014,1,27,20152016,N,1,0,0,0
Alex Goligoski,ARI,L,D,1985-07-30,Grand Rapids,MN,USA,USA,71,185,2004,2,61,20072008,N,48,3,22,25
Cody Goloubef,OTT,R,D,1989-11-30,Mississauga,ON,CAN,CAN,73,190,2008,2,37,20112012,N,18,0,1,1
Barclay Goodrow,SJS,L,R,1993-02-26,Toronto,ON,CAN,CAN,74,215,--,--,--,20142015,N,47,7,13,20
Shayne Gostisbehere,PHI,L,D,1993-04-20,Pembroke Pines,FL,USA,USA,71,180,2012,3,78,20142015,N,40,5,7,12
Yanni Gourde,TBL,L,C,1991-12-15,Saint-Narcisse,QC,CAN,CAN,69,173,--,--,--,20152016,N,45,6,13,19
Michael Grabner,ARI,L,L,1987-10-05,Villach,--,AUT,AUT,73,188,2006,1,14,20092010,N,40,8,3,11
Markus Granlund,EDM,L,C,1993-04-16,Oulu,--,FIN,FIN,72,180,2011,2,45,20132014,N,31,3,1,4
Mikael Granlund,NSH,L,C,1992-02-26,Oulu,--,FIN,FIN,70,185,2010,1,9,20122013,N,38,7,8,15
Derek Grant,ANA,L,C,1990-04-20,Abbotsford,BC,CAN,CAN,75,206,2008,4,119,20122013,N,34,9,3,12
Tyler Graovac,VAN,L,C,1993-04-27,Brampton,ON,CAN,CAN,77,208,2011,7,191,20142015,N,8,2,0,2
Kevin Gravel,TOR,L,D,1992-03-06,Kingsford,MI,USA,USA,76,205,2010,5,148,20152016,N,3,0,0,0
Ryan Graves,COL,L,D,1995-05-21,Yarmouth,NS,CAN,CAN,77,220,2013,4,110,20182019,N,44,6,9,15
Mike Green,DET,R,D,1985-10-12,Calgary,AB,CAN,CAN,73,210,2004,1,29,20052006,N,37,2,6,8
Andy Greene,NJD,L,D,1982-10-30,Trenton,MI,USA,USA,71,190,--,--,--,20062007,N,41,1,7,8
Jordan Greenway,MIN,L,L,1997-02-16,Canton,NY,USA,USA,78,225,2015,2,50,20172018,N,43,5,11,16
Noah Gregor,SJS,L,C,1998-07-28,Beaumont,AB,CAN,CAN,72,185,2016,4,111,20192020,N,18,1,0,1
Rocco Grimaldi,NSH,R,R,1993-02-08,Anaheim,CA,USA,USA,66,180,2011,2,33,20142015,N,41,8,14,22
Jordan Gross,ARI,R,D,1995-05-09,Maple Grove,MN,USA,USA,70,190,--,--,--,20192020,N,2,0,1,1
Carl Grundstrom,LAK,L,R,1997-12-01,Umea,--,SWE,SWE,72,201,2016,2,57,20182019,N,9,0,4,4
Matt Grzelcyk,BOS,L,D,1994-01-05,Charlestown,MA,USA,USA,69,174,2012,3,85,20162017,N,45,2,12,14
Radko Gudas,WSH,R,D,1990-06-05,Prague,--,CZE,CZE,72,205,2010,3,66,20122013,N,46,2,12,14
Erik Gudbranson,ANA,R,D,1992-01-07,Ottawa,ON,CAN,CAN,77,217,2010,1,3,20112012,N,41,3,4,7
Jake Guentzel,PIT,L,L,1994-10-06,Omaha,NE,USA,USA,71,180,2013,3,77,20162017,N,39,20,23,43
Brendan Guhle,ANA,L,D,1997-07-29,Edmonton,AB,CAN,CAN,74,197,2015,2,51,20162017,N,18,1,3,4
Carl Gunnarsson,STL,L,D,1986-11-09,Orebro,--,SWE,SWE,74,198,2007,7,194,20092010,N,17,1,3,4
Denis Gurianov,DAL,L,R,1997-06-07,Togliatti,--,RUS,RUS,75,200,2015,1,12,20162017,N,40,10,6,16
Nikita Gusev,NJD,R,L,1992-07-08,Moscow,--,RUS,RUS,69,163,2012,7,202,20192020,N,42,8,19,27
David Gustafsson,WPG,L,C,2000-04-11,Tingsryd,--,SWE,SWE,74,196,2018,2,60,20192020,N,22,1,0,1
Erik Gustafsson,CHI,L,D,1992-03-14,Nynashamn,--,SWE,SWE,72,197,2012,4,93,20152016,N,45,5,13,18
Gaetan Haas,EDM,R,C,1992-01-31,Bonfol,--,CHE,CHE,72,181,--,--,--,20192020,N,39,4,4,8
Carl Hagelin,WSH,L,L,1988-08-23,Sodertalje,--,SWE,SWE,72,185,2007,6,168,20112012,N,35,1,8,9
Robert Hagg,PHI,L,D,1995-02-08,Uppsala,--,SWE,SWE,74,204,2013,2,41,20162017,N,26,1,4,5
Nicolas Hague,VGK,L,D,1998-12-05,Kitchener,ON,CAN,CAN,78,221,2017,2,34,20192020,N,34,0,10,10
Ron Hainsey,OTT,L,D,1981-03-24,Bolton,CT,USA,USA,75,201,2000,1,13,20022003,N,38,1,7,8
Libor Hajek,NYR,L,D,1998-02-04,Smrcek,--,CZE,CZE,74,203,2016,2,37,20182019,N,28,0,5,5
Micheal Haley,NYR,L,C,1986-03-30,Guelph,ON,CAN,CAN,71,202,--,--,--,20092010,N,19,1,0,1
Taylor Hall,ARI,L,L,1991-11-14,Calgary,AB,CAN,CAN,73,205,2010,1,1,20102011,N,43,10,25,35
Dan Hamhuis,NSH,L,D,1982-12-13,Smithers,BC,CAN,CAN,73,204,2001,1,12,20032004,N,40,0,5,5
Dougie Hamilton,CAR,R,D,1993-06-17,Toronto,ON,CAN,CAN,78,229,2011,1,9,20122013,N,45,14,26,40
Travis Hamonic,CGY,R,D,1990-08-16,St. Malo,MB,CAN,CAN,74,205,2008,2,53,20102011,N,41,3,5,8
Noah Hanifin,CGY,L,D,1997-01-25,Boston,MA,USA,USA,75,215,2015,1,5,20152016,N,47,4,9,13
Joel Hanley,DAL,L,D,1991-06-08,Keswick,ON,CAN,CAN,71,190,--,--,--,20152016,N,8,0,2,2
Jansen Harkins,WPG,L,C,1997-05-23,Cleveland,OH,USA,USA,73,182,2015,2,47,20192020,N,8,0,2,2
Scott Harrington,CBJ,L,D,1993-03-10,Kingston,ON,CAN,CAN,74,204,2011,2,54,20142015,N,18,1,3,4
Ryan Hartman,MIN,R,R,1994-09-20,Hilton Head Isl.,SC,USA,USA,72,189,2013,1,30,20142015,N,45,5,6,11
Garnet Hathaway,WSH,R,R,1991-11-23,Kennebunkport,ME,USA,USA,75,210,--,--,--,20152016,N,43,6,6,12
Erik Haula,CAR,L,L,1991-03-23,Pori,--,FIN,FIN,72,193,2009,7,181,20132014,N,26,11,8,19
Jayce Hawryluk,FLA,R,C,1996-01-01,Yorkton,SK,CAN,CAN,71,196,2014,2,32,20182019,N,10,1,2,3
John Hayden,NJD,R,C,1995-02-14,Chicago,IL,USA,USA,75,215,2013,3,74,20162017,N,22,1,1,2
Kevin Hayes,PHI,L,C,1992-05-08,Dorchester,MA,USA,USA,77,216,2010,1,24,20142015,N,45,13,12,25
Barrett Hayton,ARI,L,C,2000-06-09,Peterborough,ON,CAN,CAN,73,190,2018,1,5,20192020,N,14,1,3,4
Victor Hedman,TBL,L,D,1990-12-18,Ornskoldsvik,--,SWE,SWE,78,229,2009,1,2,20092010,N,43,9,32,41
Tim Heed,SJS,R,D,1991-01-27,Gothenburg,--,SWE,SWE,71,180,2010,5,132,20162017,N,24,0,1,1
Danton Heinen,BOS,L,C,1995-07-05,Langley,BC,CAN,CAN,73,188,2014,4,116,20162017,N,45,7,11,18
Ville Heinola,WPG,L,D,2001-03-02,Honkajoki,--,FIN,FIN,71,178,2019,1,20,20192020,N,8,1,4,5
Miro Heiskanen,DAL,L,D,1999-07-18,Espoo,--,FIN,FIN,73,190,2017,1,3,20182019,N,45,7,16,23
Darren Helm,DET,L,L,1987-01-21,St. Andrews,MB,CAN,CAN,72,192,2005,5,132,20072008,N,45,6,5,11
Adam Henrique,ANA,L,C,1990-02-06,Brantford,ON,CAN,CAN,72,188,2008,3,82,20102011,N,45,14,10,24
Tomas Hertl,SJS,L,C,1993-11-12,Praha,--,CZE,CZE,74,215,2012,1,17,20132014,N,43,15,20,35
Joe Hicketts,DET,L,D,1996-05-04,Kamloops,BC,CAN,CAN,68,180,--,--,--,20172018,N,6,0,2,2
Matthew Highmore,CHI,L,C,1996-02-27,Halifax,NS,CAN,CAN,71,188,--,--,--,20172018,N,16,1,1,2
Vinnie Hinostroza,ARI,R,R,1994-04-03,Chicago,IL,USA,USA,69,173,2012,6,169,20152016,N,47,4,13,17
Roope Hintz,DAL,L,L,1996-11-17,Tampere,--,FIN,FIN,75,220,2015,2,49,20182019,N,38,15,8,23
Taro Hirose,DET,L,L,1996-06-30,Calgary,AB,CAN,CAN,70,162,--,--,--,20182019,N,23,2,5,7
Nico Hischier,NJD,L,C,1999-01-04,Brig,--,CHE,CHE,73,175,2017,1,1,20172018,N,40,12,16,28
Niklas Hjalmarsson,ARI,L,D,1987-06-06,Eksjo,--,SWE,SWE,75,197,2005,4,108,20072008,N,5,1,1,2
Mike Hoffman,FLA,L,L,1989-11-24,Kitchener,ON,CAN,CAN,72,182,2009,5,129,20112012,N,45,18,17,35
Nick Holden,VGK,L,D,1987-05-15,St. Albert,AB,CAN,CAN,76,212,--,--,--,20102011,N,38,4,3,7
Justin Holl,TOR,R,D,1992-01-30,Tonka Bay,MN,USA,USA,76,210,2010,2,54,20172018,N,44,1,12,13
Korbinian Holzer,ANA,R,D,1988-02-16,Munich,--,DEU,DEU,75,213,2006,4,111,20102011,N,35,1,2,3
Patric Hornqvist,PIT,R,R,1987-01-01,Sollentuna,--,SWE,SWE,71,189,2005,7,230,20082009,N,28,11,6,17
Bo Horvat,VAN,L,C,1995-04-05,London,ON,CAN,CAN,72,215,2013,1,9,20142015,N,46,15,25,40
Brett Howden,NYR,L,C,1998-03-29,Calgary,AB,CAN,CAN,75,197,2016,1,27,20182019,N,44,6,6,12
Filip Hronek,DET,R,D,1997-11-02,Hradec Králové,--,CZE,CZE,72,183,2016,2,53,20182019,N,44,8,17,25
Jonathan Huberdeau,FLA,L,L,1993-06-04,Saint-Jerome,QC,CAN,CAN,73,202,2011,1,3,20122013,N,45,18,43,61
Charles Hudon,MTL,L,L,1994-06-23,Alma,QC,CAN,CAN,70,190,2012,5,122,20152016,N,9,0,1,1
Cameron Hughes,BOS,L,C,1996-10-09,Edmonton,AB,CAN,CAN,71,160,2015,6,165,20192020,N,1,0,0,0
Jack Hughes,NJD,L,C,2001-05-14,Orlando,FL,USA,USA,71,170,2019,1,1,20192020,N,37,6,11,17
Quinn Hughes,VAN,L,D,1999-10-14,Orlando,FL,USA,USA,70,170,2018,1,7,20182019,N,45,4,28,32
Brad Hunt,MIN,L,D,1988-08-24,Maple Ridge,BC,CAN,CAN,69,176,--,--,--,20132014,N,44,7,8,15
Dryden Hunt,FLA,L,L,1995-11-24,Cranbrook,BC,CAN,CAN,72,193,--,--,--,20172018,N,20,0,4,4
Ben Hutton,LAK,L,D,1993-04-20,Brockville,ON,CAN,CAN,74,206,2012,5,147,20152016,N,47,2,5,7
Zach Hyman,TOR,R,L,1992-06-09,Toronto,ON,CAN,CAN,73,211,2010,5,123,20152016,N,27,11,8,19
Alex Iafallo,LAK,L,L,1993-12-21,Eden,NY,USA,USA,72,188,--,--,--,20172018,N,47,9,17,26
Matt Irwin,NSH,L,D,1987-11-29,Victoria,BC,CAN,CAN,73,207,--,--,--,20122013,N,24,0,2,2
Mark Jankowski,CGY,L,C,1994-09-13,Hamilton,ON,CAN,CAN,76,212,2012,1,21,20162017,N,37,0,1,1
Mattias Janmark,DAL,L,C,1992-12-08,Danderyd,--,SWE,SWE,73,195,2013,3,79,20152016,N,39,5,9,14
Calle Jarnkrok,NSH,R,C,1991-09-25,Gävle,--,SWE,SWE,71,186,2010,2,51,20132014,N,44,12,15,27
Christian Jaros,OTT,R,D,1996-04-02,Kosice,--,SVK,SVK,75,222,2015,5,139,20172018,N,6,0,2,2
Boone Jenner,CBJ,L,C,1993-06-15,Dorchester,ON,CAN,CAN,74,208,2011,2,37,20132014,N,46,8,9,17
Nick Jensen,WSH,R,D,1990-09-21,Rogers,MN,USA,USA,73,196,2009,5,149,20162017,N,46,0,2,2
Ryan Johansen,NSH,R,C,1992-07-31,Vancouver,BC,CAN,CAN,75,218,2010,1,4,20112012,N,44,9,17,26
Marcus Johansson,BUF,L,L,1990-10-06,Landskrona,--,SWE,SWE,73,205,2009,1,24,20102011,N,39,6,15,21
Adam Johnson,PIT,L,C,1994-06-22,Grand Rapids,MN,USA,USA,72,174,--,--,--,20182019,N,7,1,1,2
Erik Johnson,COL,R,D,1988-03-21,Bloomington,MN,USA,USA,76,225,2006,1,1,20072008,N,34,1,8,9
Jack Johnson,PIT,L,D,1987-01-13,Indianapolis,IN,USA,USA,73,227,2005,1,3,20062007,N,43,2,6,8
Luke Johnson,MIN,R,C,1994-09-19,Grand Forks,ND,USA,USA,71,177,2013,5,134,20182019,N,3,0,0,0
Tyler Johnson,TBL,R,C,1990-07-29,Spokane,WA,USA,USA,68,182,--,--,--,20122013,N,40,11,10,21
Andreas Johnsson,TOR,L,L,1994-11-21,Gävle,--,SWE,SWE,70,194,2013,7,202,20172018,N,31,6,10,16
Ross Johnston,NYI,L,L,1994-02-18,Charlottetown,PE,CAN,CAN,77,235,--,--,--,20152016,N,24,3,0,3
Henri Jokiharju,BUF,R,D,1999-06-17,Oulu,--,FIN,FIN,72,195,2017,1,29,20182019,N,46,4,8,12
Caleb Jones,EDM,L,D,1997-06-06,Arlington,TX,USA,USA,73,194,2015,4,117,20182019,N,22,0,3,3
Max Jones,ANA,L,L,1998-02-17,Rochester,MI,USA,USA,73,220,2016,1,24,20182019,N,34,5,2,7
Seth Jones,CBJ,R,D,1994-10-03,Arlington,TX,USA,USA,76,209,2013,1,4,20132014,N,46,4,21,25
Mathieu Joseph,TBL,L,R,1997-02-09,Laval,QC,CAN,CAN,73,190,2015,4,120,20182019,N,34,4,3,7
Roman Josi,NSH,L,D,1990-06-01,Bern,--,CHE,CHE,73,201,2008,2,38,20112012,N,44,14,32,46
Tyson Jost,COL,L,C,1998-03-14,St. Albert,AB,CAN,CAN,71,187,2016,1,10,20162017,N,42,5,8,13
Tomas Jurco,EDM,L,R,1992-12-28,Kosice,--,SVK,SVK,74,188,2011,2,35,20132014,N,12,0,2,2
Nazem Kadri,COL,L,C,1990-10-06,London,ON,CAN,CAN,72,192,2009,1,7,20092010,N,42,15,12,27
Dominik Kahun,PIT,L,C,1995-07-02,Plana,--,CZE,DEU,71,175,--,--,--,20182019,N,44,10,16,26
Kaapo Kakko,NYR,L,R,2001-02-13,Turku,--,FIN,FIN,75,199,2019,1,2,20192020,N,40,7,9,16
Vladislav Kamenev,COL,L,C,1996-08-12,Orsk,--,RUS,RUS,74,194,2014,2,42,20162017,N,19,1,4,5
David Kampf,CHI,L,C,1995-01-12,Chomutov,--,CZE,CZE,74,188,--,--,--,20172018,N,46,6,7,13
Steven Kampfer,BOS,R,D,1988-09-24,Ann Arbor,MI,USA,USA,71,198,2007,4,93,20102011,N,9,0,2,2
Evander Kane,SJS,L,L,1991-08-02,Vancouver,BC,CAN,CAN,74,210,2009,1,4,20092010,N,44,18,15,33
Patrick Kane,CHI,L,R,1988-11-19,Buffalo,NY,USA,USA,70,177,2007,1,1,20072008,N,46,24,33,57
Kasperi Kapanen,TOR,R,R,1996-07-23,Kuopio,--,FIN,FIN,73,194,2014,1,22,20152016,N,46,10,18,28
Erik Karlsson,SJS,R,D,1990-05-31,Landsbro,--,SWE,SWE,72,190,2008,1,15,20092010,N,46,5,29,34
Melker Karlsson,SJS,R,C,1990-07-18,Lycksele,--,SWE,SWE,72,180,--,--,--,20142015,N,43,3,4,7
William Karlsson,VGK,L,C,1993-01-08,Marsta,--,SWE,SWE,72,195,2011,2,53,20142015,N,48,10,23,33
David Kase,PHI,L,R,1997-01-28,Kadan,--,CZE,CZE,71,169,2015,5,128,20192020,N,6,1,0,1
Ondrej Kase,ANA,R,R,1995-11-08,Kadan,--,CZE,CZE,72,190,2014,7,205,20162017,N,39,5,12,17
Zack Kassian,EDM,R,R,1991-01-24,Windsor,ON,CAN,CAN,75,211,2009,1,13,20112012,N,44,13,15,28
Duncan Keith,CHI,L,D,1983-07-16,Winnipeg,MB,CAN,CAN,73,192,2002,2,54,20052006,N,37,1,11,12
Clayton Keller,ARI,L,R,1998-07-29,Chesterfield,MO,USA,USA,70,170,2016,1,7,20162017,N,48,12,20,32
Joel Kellman,SJS,L,C,1994-05-25,Karlskrona,--,SWE,SWE,71,192,--,--,--,20192020,N,11,1,1,2
Adrian Kempe,LAK,L,C,1996-09-13,Kramfors,--,SWE,SWE,74,201,2014,1,29,20162017,N,46,10,9,19
Michal Kempny,WSH,L,D,1990-09-08,Hodonin,--,CZE,CZE,73,195,--,--,--,20162017,N,36,3,13,16
Alexander Kerfoot,TOR,L,C,1994-08-11,Vancouver,BC,CAN,CAN,70,185,2012,5,150,20172018,N,41,7,11,18
Phil Kessel,ARI,R,R,1987-10-02,Madison,WI,USA,USA,72,202,2006,1,5,20062007,N,48,9,18,27
Jujhar Khaira,EDM,L,L,1994-08-13,Surrey,BC,CAN,CAN,76,212,2012,3,63,20152016,N,42,6,2,8
Alex Killorn,TBL,L,L,1989-09-14,Halifax,NS,CAN,CAN,73,197,2007,3,77,20122013,N,43,18,19,37
Joel Kiviranta,DAL,L,L,1996-03-23,Vantaa,--,FIN,FIN,71,180,--,--,--,20192020,N,4,0,0,0
Oscar Klefbom,EDM,L,D,1993-07-20,Karlstad,--,SWE,SWE,75,216,2011,1,19,20132014,N,47,5,22,27
John Klingberg,DAL,R,D,1992-08-14,Gothenburg,--,SWE,SWE,75,190,2010,5,131,20142015,N,34,2,16,18
Slater Koekkoek,CHI,L,D,1994-02-18,Winchester,ON,CAN,CAN,74,193,2012,1,10,20142015,N,18,0,3,3
Mikko Koivu,MIN,L,C,1983-03-12,Turku,--,FIN,FIN,75,213,2001,1,6,20052006,N,33,2,11,13
Otto Koivula,NYI,L,L,1998-09-01,Nokia,--,FIN,FIN,76,219,2016,4,120,20192020,N,6,0,0,0
Keegan Kolesar,VGK,R,R,1997-04-08,Brandon,MB,CAN,CAN,74,227,2015,3,69,20192020,N,1,0,0,0
Leo Komarov,NYI,L,R,1987-01-23,Narva,--,EST,FIN,71,209,2006,6,180,20122013,N,24,0,7,7
Travis Konecny,PHI,R,R,1997-03-11,London,ON,CAN,CAN,70,175,2015,1,24,20162017,N,42,14,24,38
Anze Kopitar,LAK,L,C,1987-08-24,Jesenice,--,SVN,SVN,75,225,2005,1,11,20062007,N,47,16,24,40
Klim Kostin,STL,L,C,1999-05-05,Penza,--,RUS,RUS,75,212,2017,1,31,20192020,N,4,1,0,1
Jesperi Kotkaniemi,MTL,L,C,2000-07-06,Pori,--,FIN,FIN,74,198,2018,1,3,20182019,N,31,6,2,8
Ilya Kovalchuk,MTL,R,L,1983-04-15,Tver,--,RUS,RUS,75,222,2001,1,1,20012002,N,21,4,9,13
Chris Kreider,NYR,L,L,1991-04-30,Boxford,MA,USA,USA,75,217,2009,1,19,20122013,N,44,14,15,29
David Krejci,BOS,R,C,1986-04-28,Sternberk,--,CZE,CZE,72,188,2004,2,63,20062007,N,39,9,21,30
Torey Krug,BOS,L,D,1991-04-12,Livonia,MI,USA,USA,69,186,--,--,--,20112012,N,38,5,26,31
Dominik Kubalik,CHI,L,L,1995-08-21,Plzen,--,CZE,CZE,74,179,2013,7,191,20192020,N,44,16,10,26
Nikita Kucherov,TBL,L,R,1993-06-17,Maykop,--,RUS,RUS,71,180,2011,2,58,20132014,N,44,17,32,49
Karson Kuhlman,BOS,R,C,1995-09-26,Esko,MN,USA,USA,71,185,--,--,--,20182019,N,8,0,0,0
Tom Kuhnhackl,NYI,L,R,1992-01-21,Landshut,--,DEU,DEU,74,196,2010,4,110,20152016,N,17,3,1,4
Dean Kukan,CBJ,L,D,1993-07-08,Volketswil,--,CHE,CHE,74,192,--,--,--,20152016,N,33,1,4,5
Brett Kulak,MTL,L,D,1994-01-06,Edmonton,AB,CAN,CAN,74,190,2012,4,105,20142015,N,33,0,4,4
Dmitry Kulikov,WPG,L,D,1990-10-29,Lipetsk,--,RUS,RUS,73,204,2009,1,14,20092010,N,27,1,4,5
Luke Kunin,MIN,R,C,1997-12-04,Chesterfield,MO,USA,USA,72,197,2016,1,15,20172018,N,44,10,10,20
Sean Kuraly,BOS,L,C,1993-01-20,Dublin,OH,USA,USA,74,213,2011,5,133,20162017,N,46,3,13,16
Evgeny Kuznetsov,WSH,L,C,1992-05-19,Chelyabinsk,--,RUS,RUS,74,197,2010,1,26,20132014,N,43,16,26,42
Oliver Kylington,CGY,L,D,1997-05-19,Stockholm,--,SWE,SWE,72,183,2015,2,60,20152016,N,34,1,3,4
Jordan Kyrou,STL,R,C,1998-05-05,Toronto,ON,CAN,CAN,72,175,2016,2,35,20182019,N,12,2,2,4
Joel L'Esperance,DAL,R,C,1995-08-18,Brighton,MI,USA,USA,74,215,--,--,--,20182019,N,3,1,0,1
Kevin Labanc,SJS,R,R,1995-12-12,Brooklyn,NY,USA,USA,71,185,2014,6,171,20162017,N,47,10,13,23
Andrew Ladd,NYI,L,L,1985-12-12,Maple Ridge,BC,CAN,CAN,75,192,2004,1,4,20052006,N,1,0,0,0
Paul LaDue,LAK,R,D,1992-09-06,Grand Forks,ND,USA,USA,74,200,2012,6,181,20162017,N,2,0,1,1
Sam Lafferty,PIT,R,C,1995-03-06,Hollidaysburg,PA,USA,USA,73,195,2014,4,113,20192020,N,35,4,6,10
William Lagesson,EDM,L,D,1996-02-22,Gothenburg,--,SWE,SWE,74,207,2014,4,91,20192020,N,2,0,0,0
Patrik Laine,WPG,R,R,1998-04-19,Tampere,--,FIN,FIN,77,206,2016,1,2,20162017,N,44,15,26,41
Maxime Lajoie,OTT,L,D,1997-11-05,Quebec City,QC,CAN,CAN,73,196,2016,5,133,20182019,N,6,0,0,0
Gabriel Landeskog,COL,L,L,1992-11-23,Stockholm,--,SWE,SWE,73,215,2011,1,2,20112012,N,29,11,8,19
Dylan Larkin,DET,L,C,1996-07-30,Waterford,MI,USA,USA,73,198,2014,1,15,20152016,N,46,11,19,30
Adam Larsson,EDM,R,D,1992-11-12,Skellefteå,--,SWE,SWE,75,208,2011,1,4,20112012,N,25,0,4,4
Jacob Larsson,ANA,L,D,1997-04-29,Ljungby,--,SWE,SWE,74,190,2015,1,27,20162017,N,35,1,3,4
Johan Larsson,BUF,L,C,1992-07-25,Lau,--,SWE,SWE,71,204,2010,2,56,20122013,N,40,4,8,12
Brian Lashoff,DET,L,D,1990-07-16,Albany,NY,USA,USA,75,213,--,--,--,20122013,N,8,0,1,1
Scott Laughton,PHI,L,C,1994-05-30,Oakville,ON,CAN,CAN,73,190,2012,1,20,20122013,N,25,5,5,10
Jeremy Lauzon,BOS,L,D,1997-04-28,Val D'or,QC,CAN,CAN,73,204,2015,2,52,20182019,N,1,0,0,0
Curtis Lazar,BUF,R,C,1995-02-02,Salmon Arm,BC,CAN,CAN,72,211,2013,1,17,20142015,N,16,3,3,6
Nick Leddy,NYI,L,D,1991-03-20,Eden Prairie,MN,USA,USA,72,207,2009,1,16,20102011,N,35,3,14,17
Anders Lee,NYI,L,L,1990-07-03,Edina,MN,USA,USA,75,231,2009,6,151,20122013,N,43,13,12,25
Artturi Lehkonen,MTL,L,L,1995-07-04,Piikkio,--,FIN,FIN,72,176,2013,2,55,20162017,N,46,10,12,22
Brendan Leipsic,WSH,L,L,1994-05-19,Winnipeg,MB,CAN,CAN,71,180,2012,3,89,20152016,N,46,3,7,10
Josh Leivo,VAN,R,L,1993-05-26,Innisfil,ON,CAN,CAN,74,192,2011,3,86,20132014,N,36,7,12,19
Brendan Lemieux,NYR,L,L,1996-03-15,Denver,CO,USA,USA,73,213,2014,2,31,20172018,N,35,5,8,13
Otto Leskinen,MTL,L,D,1997-02-06,Pieksämäki,--,FIN,FIN,71,183,--,--,--,20192020,N,5,0,0,0
Kris Letang,PIT,R,D,1987-04-24,Montreal,QC,CAN,CAN,72,201,2005,3,62,20062007,N,37,10,18,28
Mark Letestu,WPG,R,C,1985-02-04,Elk Point,AB,CAN,CAN,70,195,--,--,--,20092010,N,7,0,0,0
Tyler Lewington,WSH,R,D,1994-12-05,Edmonton,AB,CAN,CAN,74,200,2013,7,204,20182019,N,6,0,0,0
Trevor Lewis,LAK,R,C,1987-01-08,Salt Lake City,UT,USA,USA,73,202,2006,1,17,20082009,N,34,2,5,7
Jakob Lilja,CBJ,L,L,1993-07-23,Malmo,--,SWE,SWE,73,196,--,--,--,20192020,N,21,1,2,3
Oskar Lindblom,PHI,L,L,1996-08-15,Gävle,--,SWE,SWE,73,191,2014,5,138,20172018,N,30,11,7,18
Esa Lindell,DAL,L,D,1994-05-23,Vantaa,--,FIN,FIN,75,215,2012,3,74,20152016,N,45,2,17,19
Ryan Lindgren,NYR,L,D,1998-02-11,Burnsville,MN,USA,USA,72,191,2016,2,49,20182019,N,34,1,8,9
Anton Lindholm,COL,L,D,1994-11-29,Skellefteå,--,SWE,SWE,71,191,2014,5,144,20162017,N,4,0,1,1
Elias Lindholm,CGY,R,C,1994-12-02,Boden,--,SWE,SWE,73,195,2013,1,5,20132014,N,47,20,16,36
Hampus Lindholm,ANA,L,D,1994-01-20,Helsingborg,--,SWE,SWE,75,208,2012,1,6,20132014,N,37,1,16,17
Par Lindholm,BOS,L,C,1991-10-05,Kusmark,--,SWE,SWE,72,183,--,--,--,20182019,N,27,2,1,3
Bryan Little,WPG,R,C,1987-11-12,Edmonton,AB,CAN,CAN,72,191,2006,1,12,20072008,N,7,2,3,5
Blake Lizotte,LAK,L,C,1997-12-13,Lindstrom,MN,USA,USA,67,172,--,--,--,20182019,N,45,4,11,15
Adam Lowry,WPG,L,C,1993-03-29,St. Louis,MO,USA,USA,77,210,2011,3,67,20142015,N,44,4,5,9
Milan Lucic,CGY,L,L,1988-06-07,Vancouver,BC,CAN,CAN,75,231,2006,2,50,20072008,N,45,4,6,10
Matt Luff,LAK,R,R,1997-05-05,Oakville,ON,CAN,CAN,74,196,--,--,--,20182019,N,16,1,4,5
Isac Lundestrom,ANA,L,C,1999-11-06,Gallivare,--,SWE,SWE,72,187,2018,1,23,20182019,N,14,0,4,4
Eetu Luostarinen,CAR,L,C,1998-09-02,Siilinjarvi,--,FIN,FIN,75,184,2017,2,42,20192020,N,8,0,1,1
Joona Luoto,WPG,L,L,1997-09-26,TAMPERE,--,FIN,FIN,75,192,--,--,--,20192020,N,16,0,0,0
Ilya Lyubushkin,ARI,R,D,1994-04-06,Moscow,--,RUS,RUS,74,201,--,--,--,20182019,N,33,0,2,2
Olli Maatta,CHI,L,D,1994-08-22,Jyväskylä,--,FIN,FIN,74,206,2012,1,22,20132014,N,41,3,9,12
Kurtis MacDermid,LAK,L,D,1994-03-25,Sauble Beach,ON,CAN,CAN,77,233,--,--,--,20172018,N,27,2,2,4
Mackenzie MacEachern,STL,L,L,1994-03-09,Bloomfield Hills,MI,USA,USA,74,190,2012,3,67,20182019,N,39,6,2,8
Zack MacEwen,VAN,R,C,1996-07-08,Charlottetown,PE,CAN,CAN,75,205,--,--,--,20182019,N,8,1,1,2
Ryan MacInnis,CBJ,L,C,1996-02-14,St. Louis,MO,USA,USA,76,200,2014,2,43,20192020,N,7,0,1,1
Nathan MacKinnon,COL,R,C,1995-09-01,Halifax,NS,CAN,CAN,72,200,2013,1,1,20132014,N,45,27,39,66
Josh Mahura,ANA,L,D,1998-05-05,St. Albert,AB,CAN,CAN,72,186,2016,3,85,20182019,N,11,1,3,4
Cale Makar,COL,R,D,1998-10-30,Calgary,AB,CAN,CAN,71,187,2017,1,4,20192020,N,37,9,24,33
Beck Malenstyn,WSH,L,L,1998-02-04,Delta,BC,CAN,CAN,75,200,2016,5,145,20192020,N,3,0,0,0
Denis Malgin,FLA,R,C,1997-01-18,Olten,--,CHE,CHE,69,177,2015,4,102,20162017,N,31,3,6,9
Evgeni Malkin,PIT,L,C,1986-07-31,Magnitogorsk,--,RUS,RUS,75,195,2004,1,2,20062007,N,32,13,31,44
Andrew Mangiapane,CGY,L,L,1996-04-04,Toronto,ON,CAN,CAN,70,184,2015,6,166,20172018,N,45,8,7,15
Brandon Manning,EDM,L,D,1990-06-04,Prince George,BC,CAN,CAN,73,205,--,--,--,20112012,N,9,1,0,1
Josh Manson,ANA,R,D,1991-10-07,Hinsdale,IL,USA,CAN,75,224,2011,6,160,20142015,N,26,0,3,3
Anthony Mantha,DET,L,R,1994-09-16,Longueuil,QC,CAN,CAN,77,234,2013,1,20,20152016,N,29,12,12,24
Brad Marchand,BOS,L,L,1988-05-11,Halifax,NS,CAN,CAN,69,181,2006,3,71,20092010,N,46,20,42,62
Jonathan Marchessault,VGK,R,C,1990-12-27,Cap-Rouge,QC,CAN,CAN,69,180,--,--,--,20122013,N,43,15,16,31
Mason Marchment,TOR,L,L,1995-06-18,Uxbridge,ON,CAN,--,76,220,--,--,--,20192020,N,3,0,1,1
Martin Marincin,TOR,L,D,1992-02-18,Kosice,--,SVK,SVK,77,217,2010,2,46,20132014,N,14,0,0,0
John Marino,PIT,R,D,1997-05-21,North Easton,MA,USA,USA,73,181,2015,6,154,20192020,N,43,4,18,22
Patrick Marleau,SJS,L,L,1979-09-15,Aneroid,SK,CAN,CAN,74,215,1997,1,2,19971998,N,43,8,8,16
Mitchell Marner,TOR,R,R,1997-05-05,Markham,ON,CAN,CAN,72,175,2015,1,4,20162017,N,35,13,31,44
Pat Maroon,TBL,L,L,1988-04-23,St. Louis,MO,USA,USA,74,236,2007,6,161,20112012,N,42,6,10,16
Matt Martin,NYI,L,L,1989-05-08,Windsor,ON,CAN,CAN,75,220,2008,5,148,20092010,N,31,3,3,6
Alec Martinez,LAK,L,D,1987-07-26,Rochester Hills,MI,USA,USA,73,209,2007,4,95,20092010,N,29,1,5,6
Jordan Martinook,CAR,L,L,1992-07-25,Brandon,MB,CAN,CAN,72,196,2012,2,58,20142015,N,30,2,8,10
Mike Matheson,FLA,L,D,1994-02-27,Pointe-Claire,QC,CAN,CAN,74,188,2012,1,23,20152016,N,39,5,6,11
Auston Matthews,TOR,L,C,1997-09-17,San Ramon,CA,USA,USA,75,220,2016,1,1,20162017,N,46,31,23,54
Scott Mayfield,NYI,R,D,1992-10-14,St. Louis,MO,USA,USA,77,223,2011,2,34,20132014,N,42,5,7,12
Gerald Mayhew,MIN,L,C,1992-12-31,Wyandotte,MI,USA,USA,69,166,--,--,--,20192020,N,7,2,0,2
Charlie McAvoy,BOS,R,D,1997-12-21,Long Beach,NY,USA,USA,72,208,2016,1,14,20172018,N,43,0,16,16
Jake McCabe,BUF,L,D,1993-10-12,Eau Claire,WI,USA,USA,73,204,2012,2,44,20132014,N,43,2,5,7
Jared McCann,PIT,L,C,1996-05-31,Stratford,ON,CAN,CAN,73,185,2014,1,24,20152016,N,43,13,13,26
Connor McDavid,EDM,L,C,1997-01-13,Richmond Hill,ON,CAN,CAN,73,193,2015,1,1,20152016,N,47,25,46,71
Ryan McDonagh,TBL,L,D,1989-06-13,St. Paul,MN,USA,USA,73,214,2007,1,12,20102011,N,40,1,10,11
Brock McGinn,CAR,L,L,1994-02-02,Fergus,ON,CAN,CAN,72,187,2012,2,47,20152016,N,45,4,6,10
Dylan McIlrath,DET,R,D,1992-04-20,Winnipeg,MB,CAN,CAN,77,231,2010,1,10,20132014,N,16,0,0,0
Greg McKegg,NYR,L,C,1992-06-17,St. Thomas,ON,CAN,CAN,72,192,2010,3,62,20132014,N,31,1,3,4
Michael McLeod,NJD,R,C,1998-02-03,Mississauga,ON,CAN,CAN,74,188,2016,1,12,20182019,N,4,0,2,2
Brayden McNabb,VGK,L,D,1991-01-21,Davidson,SK,CAN,CAN,76,213,2009,3,66,20112012,N,48,2,5,7
Jayson Megna,COL,R,C,1990-02-01,Fort Lauderdale,FL,USA,USA,73,195,--,--,--,20132014,N,8,0,0,0
Timo Meier,SJS,L,R,1996-10-08,Herisau,--,CHE,CHE,72,210,2015,1,9,20162017,N,47,15,15,30
Brennan Menell,MIN,R,D,1997-05-24,Woodbury,MN,USA,USA,71,177,--,--,--,20192020,N,5,0,0,0
Jon Merrill,VGK,L,D,1992-02-03,Oklahoma City,OK,USA,USA,75,195,2010,2,38,20132014,N,38,1,3,4
Victor Mete,MTL,L,D,1998-06-07,Woodbridge,ON,CAN,CAN,69,187,2016,4,100,20172018,N,36,4,5,9
Jacob Middleton,SJS,L,D,1996-01-02,Wainwright,AB,CAN,CAN,75,210,2014,7,210,20182019,N,4,0,0,0
Ilya Mikheyev,TOR,L,R,1994-10-10,Omsk,--,RUS,RUS,75,195,--,--,--,20192020,N,39,8,15,23
Niko Mikkola,STL,L,D,1996-04-27,Finland,--,FIN,FIN,76,185,2015,5,127,20192020,N,3,0,1,1
Sonny Milano,CBJ,L,L,1996-05-12,Massapequa,NY,USA,USA,72,194,2014,1,16,20152016,N,36,5,11,16
Colin Miller,BUF,R,D,1992-10-29,Sault Ste. Marie,ON,CAN,CAN,73,193,2012,5,151,20152016,N,32,1,5,6
J.T. Miller,VAN,L,C,1993-03-14,East Palestine,OH,USA,USA,73,218,2011,1,15,20122013,N,46,16,28,44
Casey Mittelstadt,BUF,L,C,1998-11-22,Eden Prairie,MN,USA,USA,73,199,2017,1,8,20172018,N,31,4,5,9
Sean Monahan,CGY,L,C,1994-10-12,Brampton,ON,CAN,CAN,74,200,2013,1,6,20132014,N,47,14,22,36
Brandon Montour,BUF,R,D,1994-04-11,Brantford,ON,CAN,CAN,72,189,2014,2,55,20162017,N,32,3,9,12
John Moore,BOS,L,D,1990-11-19,Winnetka,IL,USA,USA,74,210,2009,1,21,20102011,N,15,2,1,3
Trevor Moore,TOR,L,L,1995-03-31,Thousand Oaks,CA,USA,USA,70,185,--,--,--,20182019,N,22,3,2,5
Samuel Morin,PHI,L,D,1995-07-12,Lac-Beauport,QC,CAN,CAN,78,202,2013,1,11,20162017,N,1,0,0,0
Josh Morrissey,WPG,L,D,1995-03-28,Calgary,AB,CAN,CAN,72,195,2013,1,13,20152016,N,44,4,21,25
Tyler Motte,VAN,L,C,1995-03-10,St. Clair,MI,USA,USA,70,192,2013,4,121,20162017,N,19,3,2,5
Mirco Mueller,NJD,L,D,1995-03-21,Winterthur,--,CHE,CHE,75,210,2013,1,18,20142015,N,30,1,0,1
Connor Murphy,CHI,R,D,1993-03-26,Dublin,OH,USA,USA,76,212,2011,1,20,20132014,N,34,4,8,12
Ryan Murray,CBJ,L,D,1993-09-27,Regina,SK,CAN,CAN,73,206,2012,1,2,20132014,N,24,2,5,7
Jake Muzzin,TOR,L,D,1989-02-21,Woodstock,ON,CAN,CAN,75,217,2007,5,141,20102011,N,38,3,10,13
Philippe Myers,PHI,R,D,1997-01-25,Moncton,NB,CAN,CAN,77,210,--,--,--,20182019,N,27,3,10,13
Tyler Myers,VAN,R,D,1990-02-01,Houston,TX,USA,CAN,80,229,2008,1,12,20092010,N,46,4,11,15
Vladislav Namestnikov,OTT,L,L,1992-11-22,Zhukovskiy,--,RUS,RUS,72,183,2011,1,27,20132014,N,42,8,10,18
Riley Nash,CBJ,R,C,1989-05-09,Consort,AB,CAN,CAN,74,185,2007,1,21,20112012,N,41,3,7,10
James Neal,EDM,L,L,1987-09-03,Whitby,ON,CAN,CAN,75,212,2005,2,33,20082009,N,47,19,8,27
Martin Necas,CAR,R,C,1999-01-15,Nove Mesto na Morave,--,CZE,CZE,74,189,2017,1,12,20172018,N,41,10,15,25
Brock Nelson,NYI,L,C,1991-10-15,Warroad,MN,USA,USA,75,212,2010,1,30,20132014,N,43,15,16,31
Patrik Nemeth,DET,L,D,1992-02-08,Stockholm,--,SWE,SWE,75,228,2010,2,41,20132014,N,40,1,6,7
Aaron Ness,ARI,L,D,1990-05-18,Roseau,MN,USA,USA,70,184,2008,2,40,20112012,N,18,0,1,1
Valeri Nichushkin,COL,L,R,1995-03-04,Chelyabinsk,--,RUS,RUS,76,210,2013,1,10,20132014,N,40,7,9,16
Nino Niederreiter,CAR,L,R,1992-09-08,Chur,--,CHE,CHE,74,218,2010,1,5,20102011,N,45,6,15,21
Frans Nielsen,DET,L,C,1984-04-24,Herning,--,DNK,DNK,73,186,2002,3,87,20062007,N,41,3,3,6
Matt Nieto,COL,L,L,1992-11-05,Long Beach,CA,USA,USA,71,185,2011,2,47,20132014,N,45,6,12,18
Boo Nieves,NYR,L,C,1994-01-23,Syracuse,NY,USA,USA,75,214,2012,2,59,20162017,N,4,0,0,0
Sami Niku,WPG,L,D,1996-10-10,Haapavesi,--,FIN,FIN,73,176,2015,7,198,20172018,N,4,0,0,0
Matt Niskanen,PHI,R,D,1986-12-06,Virginia,MN,USA,USA,73,203,2005,1,28,20072008,N,44,5,12,17
Stefan Noesen,SJS,R,R,1993-02-12,Plano,TX,USA,USA,73,205,2011,1,21,20142015,N,17,2,0,2
Joakim Nordstrom,BOS,L,C,1992-02-25,Stockholm,--,SWE,SWE,73,194,2010,3,90,20132014,N,33,4,2,6
Tomas Nosek,VGK,L,L,1992-09-01,Pardubice,--,CZE,CZE,74,205,--,--,--,20152016,N,44,5,4,9
Ryan Nugent-Hopkins,EDM,L,C,1993-04-12,Burnaby,BC,CAN,CAN,72,184,2011,1,1,20112012,N,41,12,18,30
Darnell Nurse,EDM,L,D,1995-02-04,Hamilton,ON,CAN,CAN,76,221,2013,1,7,20142015,N,47,4,17,21
Markus Nutivaara,CBJ,L,D,1994-06-06,Oulu,--,FIN,FIN,73,187,2015,7,189,20162017,N,14,2,0,2
Joakim Nygard,EDM,L,L,1993-01-08,Stockholm,--,SWE,SWE,72,179,--,--,--,20192020,N,30,2,6,8
Alex Nylander,CHI,R,L,1998-03-02,Calgary,AB,CAN,CAN,73,192,2016,1,8,20162017,N,42,5,9,14
William Nylander,TOR,R,R,1996-05-01,Calgary,AB,CAN,SWE,72,196,2014,1,8,20152016,N,46,19,20,39
Gustav Nyquist,CBJ,L,C,1989-09-01,Halmstad,--,SWE,SWE,71,179,2008,4,121,20112012,N,46,10,21,31
Logan O'Connor,COL,R,R,1996-08-14,Missouri City,TX,USA,USA,72,175,--,--,--,20182019,N,7,1,0,1
Ryan O'Reilly,STL,L,C,1991-02-07,Clinton,ON,CAN,CAN,73,216,2009,2,33,20092010,N,46,8,32,40
Jordan Oesterle,ARI,L,D,1992-06-25,Dearborn Heights,MI,USA,USA,72,182,--,--,--,20142015,N,39,1,7,8
Kyle Okposo,BUF,R,R,1988-04-16,St. Paul,MN,USA,USA,72,216,2006,1,7,20072008,N,35,4,5,9
Jamie Oleksiak,DAL,L,D,1992-12-21,Toronto,ON,CAN,CAN,79,255,2011,1,14,20122013,N,45,1,5,6
Mathieu Olivier,NSH,R,R,1997-02-11,Biloxi,MS,USA,USA,74,210,--,--,--,20192020,N,8,0,1,1
Gustav Olofsson,MTL,L,D,1994-12-01,Boras,--,SWE,SWE,74,200,2013,2,46,20152016,N,3,0,0,0
Victor Olofsson,BUF,L,L,1995-07-18,Ornskoldsvik,--,SWE,SWE,71,183,2014,7,181,20182019,N,42,16,19,35
Dmitry Orlov,WSH,L,D,1991-07-23,Novokuznetsk,--,RUS,RUS,71,208,2009,2,55,20112012,N,46,3,18,21
T.J. Oshie,WSH,R,R,1986-12-23,Everett,WA,USA,USA,72,195,2005,1,24,20082009,N,46,18,15,33
Alex Ovechkin,WSH,R,L,1985-09-17,Moscow,--,RUS,RUS,75,236,2004,1,1,20052006,N,46,26,16,42
Max Pacioretty,VGK,L,L,1988-11-20,New Canaan,CT,USA,USA,74,215,2007,1,22,20082009,N,48,20,25,45
Jean-Gabriel Pageau,OTT,R,C,1992-11-11,Ottawa,ON,CAN,CAN,70,180,2011,4,96,20122013,N,45,19,11,30
Ondrej Palat,TBL,L,L,1991-03-28,Frydek-Mistek,--,CZE,CZE,71,194,2011,7,208,20122013,N,44,12,14,26
Kyle Palmieri,NJD,R,R,1991-02-01,Smithtown,NY,USA,USA,71,185,2009,1,26,20102011,N,44,16,15,31
Artemi Panarin,NYR,R,L,1991-10-30,Korkino,--,RUS,RUS,71,170,--,--,--,20152016,N,44,24,38,62
Richard Panik,WSH,L,R,1991-02-07,Martin,--,SVK,SVK,74,202,2009,2,52,20122013,N,36,5,3,8
Cedric Paquette,TBL,L,C,1993-08-13,Gaspe,QC,CAN,CAN,73,204,2012,4,101,20132014,N,37,4,9,13
Colton Parayko,STL,R,D,1993-05-12,St. Albert,AB,CAN,CAN,78,230,2012,3,86,20152016,N,42,2,11,13
Zach Parise,MIN,L,L,1984-07-28,Minneapolis,MN,USA,USA,71,195,2003,1,17,20052006,N,45,14,12,26
David Pastrnak,BOS,R,R,1996-05-25,Havirov,--,CZE,CZE,72,194,2014,1,25,20142015,N,46,35,30,65
Greg Pateryn,MIN,R,D,1990-06-20,Sterling Heights,MI,USA,USA,75,220,2008,5,128,20122013,N,1,0,0,0
Nick Paul,OTT,L,L,1995-03-20,Mississauga,ON,CAN,CAN,75,219,2013,4,101,20152016,N,38,6,7,13
Joe Pavelski,DAL,R,C,1984-07-11,Plover,WI,USA,USA,71,195,2003,7,205,20062007,N,45,8,10,18
Tanner Pearson,VAN,L,L,1992-08-10,Kitchener,ON,CAN,CAN,73,201,2012,1,30,20132014,N,46,12,22,34
Matthew Peca,MTL,L,C,1993-04-27,Petawawa,ON,CAN,CAN,69,182,2011,7,201,20162017,N,5,0,0,0
Andrew Peeke,CBJ,R,D,1998-03-17,Parkland,FL,USA,USA,75,194,2016,2,34,20192020,N,7,0,1,1
Adam Pelech,NYI,L,D,1994-08-16,Toronto,ON,CAN,CAN,75,218,2012,3,65,20152016,N,38,1,8,9
Brendan Perlini,DET,L,L,1996-04-27,Guildford,--,GBR,GBR,75,211,2014,1,12,20162017,N,25,0,2,2
Mathieu Perreault,WPG,L,L,1988-01-05,Drummondville,QC,CAN,CAN,70,188,2006,6,177,20092010,N,40,6,6,12
David Perron,STL,R,L,1988-05-28,Sherbrooke,QC,CAN,CAN,72,200,2007,1,26,20072008,N,46,20,26,46
Corey Perry,DAL,R,R,1985-05-16,Peterborough,ON,CAN,CAN,75,205,2003,1,28,20052006,N,34,3,10,13
Joel Persson,EDM,R,D,1994-03-04,Osby,--,SWE,SWE,71,170,--,--,--,20192020,N,13,0,2,2
Brett Pesce,CAR,R,D,15.11.1994,Tarrytown,NY,USA,USA,75,206,2013,3,66,20152016,N,45,4,11,15
Nic Petan,TOR,L,C,22.3.1995,Delta,BC,CAN,CAN,69,175,2013,2,43,20152016,N,16,0,3,3
Jeff Petry,MTL,R,D,9.12.1987,Ann Arbor,MI,USA,USA,75,201,2006,2,45,20102011,N,46,6,21,27
Elias Pettersson,VAN,L,C,12.11.1998,Sundsvall,--,SWE,SWE,74,176,2017,1,5,20182019,N,46,21,27,48
Marcus Pettersson,PIT,L,D,8.5.1996,Skellefteå,--,SWE,SWE,75,177,2014,2,38,20172018,N,45,1,14,15
Alex Pietrangelo,STL,R,D,18.1.1990,King City,ON,CAN,CAN,75,210,2008,1,4,20082009,N,46,12,25,37
Lawrence Pilut,BUF,L,D,30.12.1995,Tingsryd,--,SWE,SWE,71,194,--,--,--,20182019,N,3,0,0,0
Neal Pionk,WPG,R,D,29.7.1995,Hermantown,MN,USA,USA,72,186,--,--,--,20172018,N,46,4,25,29
Brandon Pirri,VGK,L,C,10.4.1991,Toronto,ON,CAN,CAN,73,180,2009,2,59,20102011,N,11,0,1,1
Tyler Pitlick,PHI,R,C,1.11.1991,Minneapolis,MN,USA,USA,74,200,2010,2,31,20132014,N,39,4,5,9
Ryan Poehling,MTL,L,C,3.1.1999,Lakeville,MN,USA,USA,74,204,2017,1,25,20182019,N,19,0,0,0
Austin Poganski,STL,R,R,16.2.1996,St. Cloud,MN,USA,USA,73,198,2014,4,110,20192020,N,1,0,0,0
Brayden Point,TBL,R,C,13.3.1996,Calgary,AB,CAN,CAN,70,166,2014,3,79,20162017,N,42,18,22,40
Roman Polak,DAL,R,D,28.4.1986,Ostrava,--,CZE,CZE,74,240,2004,6,180,20062007,N,25,0,4,4
Tucker Poolman,WPG,R,D,8.6.1993,Dubuque,IA,USA,USA,74,199,2013,5,127,20172018,N,44,2,11,13
Derrick Pouliot,STL,L,D,16.1.1994,Estevan,SK,CAN,CAN,72,196,2012,1,8,20142015,N,2,0,0,0
Nikolai Prokhorkin,LAK,L,L,17.9.1993,Chelyabinsk,--,RUS,RUS,75,190,2012,4,121,20192020,N,27,4,7,11
Dalton Prout,SJS,R,D,13.3.1990,Kingsville,ON,CAN,CAN,75,215,2010,6,154,20112012,N,2,0,0,0
Ivan Provorov,PHI,L,D,13.1.1997,Yaroslavl,--,RUS,RUS,73,201,2015,1,7,20162017,N,45,9,15,24
Ryan Pulock,NYI,R,D,6.10.1994,Dauphin,MB,CAN,CAN,74,217,2013,1,15,20152016,N,43,6,14,20
Mark Pysyk,FLA,R,D,11.1.1992,Sherwood Park,AB,CAN,CAN,73,196,2010,1,23,20122013,N,34,3,5,8
John Quenneville,CHI,L,C,16.4.1996,Edmonton,AB,CAN,CAN,73,195,2014,1,30,20162017,N,9,0,0,0
Alan Quine,CGY,L,C,25.2.1993,Belleville,ON,CAN,CAN,72,203,2013,6,166,20152016,N,9,1,0,1
Lukas Radil,SJS,R,C,5.8.1990,Caslav,--,CZE,CZE,76,205,--,--,--,20182019,N,14,0,0,0
Alexander Radulov,DAL,L,R,5.7.1986,Nizhny Tagil,--,RUS,RUS,73,205,2004,1,15,20062007,N,42,13,15,28
Michael Raffl,PHI,L,L,1.12.1988,Villach,--,AUT,AUT,72,200,--,--,--,20132014,N,35,4,7,11
Rickard Rakell,ANA,R,L,5.5.1993,Sundbyberg,--,SWE,SWE,72,196,2011,1,30,20122013,N,39,11,15,26
Mikko Rantanen,COL,L,R,29.10.1996,Nousiainen,--,FIN,FIN,76,215,2015,1,10,20152016,N,29,15,16,31
Victor Rask,MIN,L,C,1.3.1993,Leksand,--,SWE,SWE,74,193,2011,2,42,20142015,N,34,4,6,10
Ryan Reaves,VGK,R,R,20.1.1987,Winnipeg,MB,CAN,CAN,74,225,2005,5,156,20102011,N,48,5,3,8
Mike Reilly,OTT,L,D,13.7.1993,Chicago,IL,USA,USA,73,200,2011,4,98,20152016,N,18,0,5,5
Sam Reinhart,BUF,R,C,6.11.1995,West Vancouver,BC,CAN,CAN,73,194,2014,1,2,20142015,N,46,15,21,36
Anthony Richard,NSH,L,C,20.12.1996,Trois-Rivieres,QC,CAN,CAN,70,163,2015,4,100,20182019,N,1,0,0,0
Brad Richardson,ARI,L,C,4.2.1985,Belleville,ON,CAN,CAN,72,190,2003,5,163,20052006,N,41,3,3,6
Tobias Rieder,CGY,L,C,10.1.1993,Landshut,--,DEU,DEU,71,186,2011,4,114,20142015,N,36,2,5,7
Morgan Rielly,TOR,L,D,9.3.1994,Vancouver,BC,CAN,CAN,73,219,2012,1,5,20132014,N,46,3,24,27
Juuso Riikola,PIT,L,D,9.11.1993,Joensuu,--,FIN,FIN,72,189,--,--,--,20182019,N,23,1,6,7
Zac Rinaldo,CGY,L,C,15.6.1990,Mississauga,ON,CAN,CAN,70,192,2008,6,178,20112012,N,11,2,1,3
Rasmus Ristolainen,BUF,R,D,27.10.1994,Turku,--,FIN,FIN,76,220,2013,1,8,20132014,N,46,5,16,21
Brett Ritchie,BOS,R,R,1.7.1993,Orangeville,ON,CAN,CAN,76,220,2011,2,44,20142015,N,25,2,4,6
Nick Ritchie,ANA,L,L,5.12.1995,Orangeville,ON,CAN,CAN,74,230,2014,1,10,20152016,N,27,3,7,10
Eric Robinson,CBJ,L,L,14.6.1995,Bellmawr,NJ,USA,USA,74,197,--,--,--,20172018,N,26,5,4,9
Evan Rodrigues,BUF,R,L,28.7.1993,Toronto,ON,CAN,CAN,71,184,--,--,--,20152016,N,26,2,3,5
Kevin Rooney,NJD,L,C,21.5.1993,Canton,MA,USA,USA,74,190,--,--,--,20162017,N,26,1,1,2
Calle Rosen,COL,L,D,2.2.1994,Vaxjo,--,SWE,SWE,73,186,--,--,--,20172018,N,8,0,2,2
Jack Roslovic,WPG,R,C,29.1.1997,Columbus,OH,USA,USA,73,187,2015,1,25,20162017,N,46,7,10,17
Antoine Roussel,VAN,L,L,21.11.1989,Roubaix,--,FRA,FRA,71,199,--,--,--,20122013,N,18,5,2,7
Carter Rowney,ANA,R,C,10.5.1989,Grand Prairie,AB,CAN,CAN,73,208,--,--,--,20162017,N,45,5,4,9
Matt Roy,LAK,R,D,1.3.1995,Detroit,MI,USA,USA,73,200,2015,7,194,20182019,N,47,4,10,14
Nicolas Roy,VGK,R,C,5.2.1997,Amos,QC,CAN,CAN,76,200,2015,4,96,20172018,N,11,2,3,5
German Rubtsov,PHI,L,C,27.6.1998,Chekhov,--,RUS,RUS,74,178,2016,1,22,20192020,N,3,0,0,0
Chad Ruhwedel,PIT,R,D,7.5.1990,San Diego,CA,USA,USA,71,191,--,--,--,20122013,N,22,2,4,6
Kris Russell,EDM,L,D,2.5.1987,Caroline,AB,CAN,CAN,70,170,2005,3,67,20072008,N,46,0,6,6
Patrick Russell,EDM,R,R,4.1.1993,Holte,--,DNK,DNK,73,203,--,--,--,20182019,N,30,0,4,4
Bryan Rust,PIT,R,R,11.5.1992,Pontiac,MI,USA,USA,71,192,2010,3,80,20142015,N,31,18,20,38
Jan Rutta,TBL,R,D,29.7.1990,Pisek,--,CZE,CZE,74,204,--,--,--,20172018,N,25,1,4,5
Bobby Ryan,OTT,R,R,17.3.1987,Cherry Hill,NJ,USA,USA,74,208,2005,1,2,20072008,N,16,1,3,4
Derek Ryan,CGY,R,C,29.12.1986,Spokane,WA,USA,USA,70,185,--,--,--,20152016,N,47,8,16,24
Joakim Ryan,LAK,L,D,17.6.1993,Rumson,NJ,USA,USA,71,185,2012,7,198,20172018,N,27,1,2,3
Brandon Saad,CHI,L,L,27.10.1992,Pittsburgh,PA,USA,USA,73,206,2011,2,43,20112012,N,36,11,8,19
Aleksi Saarela,FLA,L,C,7.1.1997,Helsinki,--,FIN,FIN,70,200,2015,3,89,20192020,N,3,0,0,0
Scott Sabourin,OTT,R,R,30.7.1992,Orleans,ON,CAN,CAN,75,208,--,--,--,20192020,N,14,1,2,3
Miikka Salomaki,NSH,L,R,9.3.1993,Raahe,--,FIN,FIN,71,203,2011,2,52,20142015,N,5,1,0,1
Rasmus Sandin,TOR,L,D,7.3.2000,Uppsala,--,SWE,SWE,71,183,2018,1,29,20192020,N,6,0,2,2
Zach Sanford,STL,L,L,9.11.1994,Salem,MA,USA,USA,76,207,2013,2,61,20162017,N,33,4,8,12
Travis Sanheim,PHI,L,D,29.3.1996,Elkhorn,MB,CAN,CAN,75,181,2014,1,17,20172018,N,45,5,8,13
Steven Santini,NSH,R,D,7.3.1995,Bronxville,NY,USA,USA,74,205,2013,2,42,20152016,N,2,0,0,0
Ashton Sautner,VAN,L,D,27.5.1994,Flin Flon,MB,CAN,CAN,73,195,--,--,--,20172018,N,1,0,0,0
David Savard,CBJ,R,D,22.10.1990,St. Hyacinthe,QC,CAN,CAN,74,229,2009,4,94,20112012,N,44,0,7,7
Luca Sbisa,WPG,L,D,30.1.1990,Ozieri,--,ITA,CHE,75,206,2008,1,19,20082009,N,33,2,5,7
Marco Scandella,MTL,L,D,23.2.1990,Montreal,QC,CAN,CAN,75,212,2008,2,55,20102011,N,36,3,6,9
Colton Sceviour,FLA,R,C,20.4.1989,Red Deer,AB,CAN,CAN,72,190,2007,4,112,20102011,N,45,5,9,14
Tim Schaller,VAN,L,C,16.11.1990,Merrimack,NH,USA,USA,74,204,--,--,--,20142015,N,44,4,1,5
Mark Scheifele,WPG,R,C,15.3.1993,Kitchener,ON,CAN,CAN,75,207,2011,1,7,20112012,N,46,22,29,51
Brayden Schenn,STL,L,C,22.8.1991,Saskatoon,SK,CAN,CAN,73,200,2009,1,5,20092010,N,46,17,21,38
Luke Schenn,TBL,R,D,2.11.1989,Saskatoon,SK,CAN,CAN,74,227,2008,1,5,20082009,N,15,1,0,1
Nick Schmaltz,ARI,R,C,23.2.1996,Madison,WI,USA,USA,72,177,2014,1,20,20162017,N,48,7,28,35
Nate Schmidt,VGK,L,D,16.7.1991,St. Cloud,MN,USA,USA,72,194,--,--,--,20132014,N,36,4,14,18
Justin Schultz,PIT,R,D,6.7.1990,Kelowna,BC,CAN,CAN,74,193,2008,2,43,20122013,N,27,2,6,8
Jaden Schwartz,STL,L,L,25.6.1992,Wilcox,SK,CAN,CAN,70,190,2010,1,14,20112012,N,46,15,23,38
Brent Seabrook,CHI,R,D,20.4.1985,Richmond,BC,CAN,CAN,75,220,2003,1,14,20052006,N,32,3,1,4
Nick Seeler,MIN,L,D,3.6.1993,Eden Prairie,MN,USA,USA,74,201,2011,5,131,20172018,N,6,0,0,0
Tyler Seguin,DAL,R,C,31.1.1992,Brampton,ON,CAN,CAN,73,200,2010,1,2,20102011,N,45,11,24,35
Andrej Sekera,DAL,L,D,8.6.1986,Bojnice,--,SVK,SVK,72,195,2004,3,71,20062007,N,41,2,5,7
Brett Seney,NJD,L,L,28.2.1996,London,ON,CAN,CAN,69,156,2015,6,157,20182019,N,2,0,0,0
Zach Senyshyn,BOS,R,R,30.3.1997,Ottawa,ON,CAN,CAN,73,192,2015,1,15,20182019,N,4,0,2,2
Mikhail Sergachev,TBL,L,D,25.6.1998,Nizhnekamsk,--,RUS,RUS,74,217,2016,1,9,20162017,N,45,7,16,23
Damon Severson,NJD,R,D,7.8.1994,Melville,SK,CAN,CAN,74,205,2012,2,60,20142015,N,45,5,11,16
Michael Sgarbossa,WSH,L,C,25.7.1992,Campbellville,ON,CAN,CAN,72,185,--,--,--,20122013,N,2,0,0,0
Kevin Shattenkirk,TBL,R,D,29.1.1989,New Rochelle,NY,USA,USA,72,203,2007,1,14,20102011,N,45,7,19,26
Andrew Shaw,CHI,R,R,20.7.1991,Belleville,ON,CAN,CAN,71,182,2011,5,139,20112012,N,26,3,7,10
Logan Shaw,WPG,R,R,5.10.1992,Glace Bay,NS,CAN,CAN,75,208,2011,3,76,20152016,N,25,2,1,3
Riley Sheahan,EDM,L,C,7.12.1991,St. Catharines,ON,CAN,CAN,75,214,2010,1,21,20112012,N,42,5,2,7
Conor Sheary,BUF,L,L,8.6.1992,Winchester,MA,USA,USA,68,179,--,--,--,20152016,N,39,7,8,15
Kole Sherwood,CBJ,R,R,22.1.1997,Columbus,OH,USA,USA,73,212,--,--,--,20182019,N,3,0,0,0
Devin Shore,ANA,L,C,19.7.1994,Ajax,ON,CAN,CAN,73,206,2012,2,61,20152016,N,29,2,4,6
Nicholas Shore,WPG,R,C,26.9.1992,Denver,CO,USA,USA,73,198,2011,3,82,20142015,N,38,3,2,5
Jonas Siegenthaler,WSH,L,D,6.5.1997,Zurich,--,CHE,CHE,75,210,2015,2,57,20182019,N,46,2,7,9
Dylan Sikura,CHI,L,R,1.6.1995,Aurora,ON,CAN,CAN,71,166,2014,6,178,20172018,N,7,1,2,3
Jakob Silfverberg,ANA,R,R,13.10.1990,Gävle,--,SWE,SWE,72,208,2009,2,39,20122013,N,42,15,13,28
Radim Simek,SJS,L,D,1992-09-20,Mlada Boleslav,--,CZE,CZE,71,200,--,--,--,20182019,N,25,1,6,7
Wayne Simmonds,NJD,R,R,1988-08-26,Scarborough,ON,CAN,CAN,74,185,2007,2,61,20082009,N,45,4,13,17
Dominik Simon,PIT,L,C,1994-08-08,Prague,--,CZE,CZE,71,190,2015,5,137,20152016,N,45,4,12,16
Colton Sissons,NSH,R,C,1993-11-05,North Vancouver,BC,CAN,CAN,73,200,2012,2,50,20132014,N,37,7,6,13
Jeff Skinner,BUF,L,L,1992-05-16,Toronto,ON,CAN,CAN,71,195,2010,1,7,20102011,N,39,11,8,19
Brady Skjei,NYR,L,D,1994-03-26,Lakeville,MN,USA,USA,75,210,2012,1,28,20152016,N,43,6,12,18
Jaccob Slavin,CAR,L,D,1994-05-01,Denver,CO,USA,USA,75,207,2012,4,120,20152016,N,45,4,18,22
Brendan Smith,NYR,L,D,1989-02-08,Mimico,ON,CAN,CAN,74,200,2007,1,27,20112012,N,43,3,3,6
Craig Smith,NSH,R,R,1989-09-05,Madison,WI,USA,USA,73,208,2009,4,98,20112012,N,44,10,10,20
Dalton Smith,BUF,L,L,1992-06-30,Markham,ON,CAN,CAN,74,206,2010,2,34,20192020,N,1,0,0,0
Gemel Smith,TBL,L,C,1994-04-16,Toronto,ON,CAN,CAN,71,196,2012,4,104,20162017,N,3,1,0,1
Givani Smith,DET,L,R,1998-02-27,Toronto,ON,CAN,CAN,74,210,2016,2,46,20192020,N,10,0,1,1
Reilly Smith,VGK,L,R,1991-04-01,Mimico,ON,CAN,CAN,73,183,2009,3,69,20112012,N,48,18,18,36
Zack Smith,CHI,L,C,1988-04-05,Maple Creek,SK,CAN,CAN,74,208,2008,3,79,20082009,N,39,2,7,9
Vladimir Sobotka,BUF,L,C,1987-07-02,Trebic,--,CZE,CZE,71,191,2005,4,106,20072008,N,16,1,2,3
Carl Soderberg,ARI,L,C,1985-10-12,Malmö,--,SWE,SWE,75,210,2004,2,49,20122013,N,48,13,13,26
Marcus Sorensen,SJS,L,L,1992-04-07,Sodertalje,--,SWE,SWE,71,175,2010,4,106,20162017,N,44,5,5,10
Carson Soucy,MIN,L,D,1994-07-27,Viking,AB,CAN,CAN,77,210,2013,5,137,20172018,N,42,5,5,10
Jason Spezza,TOR,R,C,1983-06-13,Toronto,ON,CAN,CAN,75,216,2001,1,2,20022003,N,34,6,11,17
Daniel Sprong,ANA,R,R,1997-03-17,Amsterdam,--,NLD,NLD,71,191,2015,2,46,20152016,N,5,1,1,2
Jared Spurgeon,MIN,R,D,1989-11-29,Edmonton,AB,CAN,CAN,69,167,2008,6,156,20102011,N,38,3,14,17
Eric Staal,MIN,L,C,1984-10-29,Thunder Bay,ON,CAN,CAN,76,206,2003,1,2,20032004,N,45,16,17,33
Jordan Staal,CAR,L,C,1988-09-10,Thunder Bay,ON,CAN,CAN,76,220,2006,1,2,20062007,N,45,6,11,17
Marc Staal,NYR,L,D,1987-01-13,Thunder Bay,ON,CAN,CAN,76,209,2005,1,12,20072008,N,27,2,4,6
Steven Stamkos,TBL,R,C,1990-02-07,Markham,ON,CAN,CAN,73,194,2008,1,1,20082009,N,42,17,27,44
Paul Stastny,VGK,L,C,1985-12-27,Quebec City,QC,CAN,USA,72,193,2005,2,44,20062007,N,48,12,9,21
Troy Stecher,VAN,R,D,1994-04-07,Richmond,BC,CAN,CAN,70,186,--,--,--,20162017,N,46,3,6,9
Sam Steel,ANA,L,C,1998-02-03,Ardrossan,AB,CAN,CAN,71,189,2016,1,30,20182019,N,40,3,11,14
Alexander Steen,STL,L,L,1984-03-01,Winnipeg,MB,CAN,SWE,72,211,2002,1,24,20052006,N,30,2,9,11
Kevin Stenlund,CBJ,R,C,1996-09-20,Stockholm,--,SWE,SWE,76,209,2015,2,58,20182019,N,14,3,2,5
Derek Stepan,ARI,R,C,1990-06-18,Hastings,MN,USA,USA,72,196,2008,2,51,20102011,N,48,8,10,18
Mitchell Stephens,TBL,R,C,1997-02-05,Peterborough,ON,CAN,CAN,71,193,2015,2,33,20192020,N,17,2,1,3
Chandler Stephenson,VGK,L,C,1994-04-22,Saskatoon,SK,CAN,CAN,72,208,2012,3,77,20152016,N,43,8,6,14
Chris Stewart,PHI,R,R,1987-10-30,Toronto,ON,CAN,CAN,74,242,2006,1,18,20082009,N,15,0,1,1
Riley Stillman,FLA,L,D,1998-03-09,Peterborough,ON,CAN,CAN,73,196,2016,4,114,20182019,N,12,0,4,4
Mark Stone,VGK,R,R,1992-05-13,Winnipeg,MB,CAN,CAN,75,202,2010,6,178,20122013,N,48,16,27,43
Michael Stone,CGY,R,D,1990-06-07,Winnipeg,MB,CAN,CAN,75,210,2008,3,69,20112012,N,22,2,2,4
Anton Stralman,FLA,R,D,1986-08-01,Tibro,--,SWE,SWE,71,186,2005,7,216,20072008,N,45,4,12,16
Ben Street,NJD,L,C,1987-02-13,Coquitlam,BC,CAN,CAN,72,190,--,--,--,20122013,N,3,0,1,1
Dylan Strome,CHI,L,C,1997-03-07,Mississauga,ON,CAN,CAN,75,200,2015,1,3,20162017,N,40,10,20,30
Ryan Strome,NYR,R,C,1993-07-11,Mississauga,ON,CAN,CAN,73,193,2011,1,5,20132014,N,44,12,29,41
Jack Studnicka,BOS,R,C,1999-02-18,Windsor,ON,CAN,CAN,73,171,2017,2,53,20192020,N,2,0,1,1
Nico Sturm,MIN,L,C,1995-05-03,Augsburg,--,DEU,DEU,75,206,--,--,--,20182019,N,6,0,2,2
P.K. Subban,NJD,R,D,1989-05-13,Toronto,ON,CAN,CAN,72,210,2007,2,43,20092010,N,45,5,5,10
CJ Suess,WPG,L,L,1994-03-17,St. Paul,MN,USA,USA,71,190,2014,5,129,20192020,N,1,0,0,0
Oskar Sundqvist,STL,R,C,1994-03-23,Boden,--,SWE,SWE,75,209,2012,3,81,20152016,N,40,10,9,19
Antti Suomela,SJS,L,C,1994-03-17,Espoo,--,FIN,FIN,72,180,--,--,--,20182019,N,9,0,1,1
Ryan Suter,MIN,L,D,1985-01-21,Madison,WI,USA,USA,74,206,2003,1,7,20052006,N,45,6,24,30
Brandon Sutter,VAN,R,C,1989-02-14,Huntington,NY,USA,CAN,75,190,2007,1,11,20082009,N,22,5,3,8
Nick Suzuki,MTL,R,C,1999-08-10,London,ON,CAN,CAN,71,201,2017,1,13,20192020,N,46,9,18,27
Andrei Svechnikov,CAR,L,R,2000-03-26,Barnaul,--,RUS,RUS,74,195,2018,1,2,20182019,N,45,18,24,42
Evgeny Svechnikov,DET,L,R,1996-10-31,Yuzhno-Sakhalinsk,--,RUS,RUS,75,208,2015,1,19,20162017,N,4,0,0,0
Jordan Szwarz,OTT,R,C,1991-05-14,Burlington,ON,CAN,CAN,71,192,2009,4,97,20132014,N,3,0,0,0
Brandon Tanev,PIT,L,L,1991-12-31,Toronto,ON,CAN,CAN,72,180,--,--,--,20152016,N,45,10,11,21
Christopher Tanev,VAN,R,D,1989-12-20,Toronto,ON,CAN,CAN,74,197,--,--,--,20102011,N,46,2,12,14
Vladimir Tarasenko,STL,L,R,1991-12-13,Yaroslavl,--,RUS,RUS,72,225,2010,1,16,20122013,N,10,3,7,10
Tomas Tatar,MTL,L,L,1990-12-01,Ilava,--,SVK,SVK,70,183,2009,2,60,20102011,N,46,16,23,39
John Tavares,TOR,L,C,1990-09-20,Mississauga,ON,CAN,CAN,73,215,2009,1,1,20092010,N,39,17,20,37
Matt Tennyson,NJD,R,D,1990-04-23,Minneapolis,MN,USA,USA,74,205,--,--,--,20122013,N,19,0,3,3
Teuvo Teravainen,CAR,L,L,1994-09-11,Helsinki,--,FIN,FIN,71,191,2012,1,18,20132014,N,45,9,34,43
Troy Terry,ANA,R,R,1997-09-10,Denver,CO,USA,USA,72,180,2015,5,148,20172018,N,33,3,5,8
Alexandre Texier,CBJ,L,C,1999-09-13,St. Martin D'heres,--,FRA,FRA,73,192,2017,2,45,20182019,N,36,6,7,13
Shea Theodore,VGK,L,D,1995-08-03,Langley,BC,CAN,CAN,74,195,2013,1,26,20152016,N,48,6,20,26
Robert Thomas,STL,R,C,1999-07-02,Aurora,ON,CAN,CAN,72,188,2017,1,20,20182019,N,41,8,16,24
Nate Thompson,MTL,L,C,1984-10-05,Anchorage,AK,USA,USA,73,205,2003,6,183,20062007,N,46,2,7,9
Tage Thompson,BUF,R,R,1997-10-30,Phoenix,AZ,USA,USA,78,215,2016,1,26,20172018,N,1,0,0,0
Joe Thornton,SJS,L,C,1979-07-02,London,ON,CAN,CAN,76,220,1997,1,1,19971998,N,47,2,17,19
Chris Tierney,OTT,L,C,1994-07-01,Keswick,ON,CAN,CAN,73,195,2012,2,55,20142015,N,45,6,16,22
Dmytro Timashov,TOR,L,L,1996-10-01,Kirovograd,--,UKR,UKR,70,192,2015,5,125,20192020,N,31,4,5,9
Conor Timmins,COL,R,D,1998-09-18,St. Catharines,ON,CAN,CAN,74,185,2017,2,32,20192020,N,2,0,0,0
Jarred Tinordi,NSH,L,D,1992-02-20,Burnsville,MN,USA,USA,78,230,2010,1,22,20122013,N,6,0,0,0
Brady Tkachuk,OTT,L,L,1999-09-16,Scottsdale,AZ,USA,USA,76,212,2018,1,4,20182019,N,45,14,11,25
Matthew Tkachuk,CGY,L,L,1997-12-11,Scottsdale,AZ,USA,USA,74,202,2016,1,6,20162017,N,46,15,23,38
Devon Toews,NYI,L,D,1994-02-21,Abbotsford,BC,CAN,CAN,73,191,2014,4,108,20182019,N,43,3,12,15
Jonathan Toews,CHI,L,C,1988-04-29,Winnipeg,MB,CAN,CAN,74,201,2006,1,3,20072008,N,46,11,24,35
Tyler Toffoli,LAK,R,R,1992-04-24,Scarborough,ON,CAN,CAN,72,197,2010,2,47,20122013,N,46,12,15,27
Dominic Toninato,FLA,L,C,1994-03-09,Duluth,MN,USA,USA,74,191,2012,5,126,20172018,N,27,4,4,8
Yakov Trenin,NSH,L,C,1997-01-13,Chelyabinsk,--,RUS,RUS,74,201,2015,2,55,20192020,N,11,2,4,6
Vincent Trocheck,FLA,R,C,1993-07-11,Pittsburgh,PA,USA,USA,70,183,2011,3,64,20132014,N,38,6,21,27
Zach Trotman,PIT,R,D,1990-08-26,Carmel,IN,USA,USA,75,217,2010,7,210,20132014,N,5,0,0,0
Jacob Trouba,NYR,R,D,1994-02-26,Rochester,MI,USA,USA,75,209,2012,1,9,20132014,N,44,6,15,21
Alex Tuch,VGK,R,R,1996-05-10,Syracuse,NY,USA,USA,76,220,2014,1,18,20162017,N,31,6,7,13
Kyle Turris,NSH,R,C,1989-08-14,New Westminster,BC,CAN,CAN,73,190,2007,1,3,20072008,N,37,6,12,18
Carsen Twarynski,PHI,L,L,1997-11-24,St. Albert,AB,CAN,CAN,74,198,2016,3,82,20192020,N,15,1,0,1
T.J. Tynan,COL,R,C,1992-02-25,Orland Park,IL,USA,USA,68,165,2011,3,66,20162017,N,14,0,1,1
Urho Vaakanainen,BOS,L,D,1999-01-01,Joensuu,--,FIN,FIN,73,185,2017,1,18,20182019,N,5,0,0,0
James van Riemsdyk,PHI,L,L,1989-05-04,Middletown,NJ,USA,USA,75,217,2007,1,2,20092010,N,45,12,11,23
Trevor van Riemsdyk,CAR,R,D,1991-07-24,Middletown,NJ,USA,USA,74,192,--,--,--,20142015,N,26,0,3,3
Sami Vatanen,NJD,R,D,1991-06-03,Jyväskylä,--,FIN,FIN,70,185,2009,4,106,20122013,N,41,5,17,22
Frank Vatrano,FLA,L,C,1994-03-14,East Longmeadow,MA,USA,USA,71,197,--,--,--,20152016,N,45,10,10,20
Lukas Vejdemo,MTL,L,C,1996-01-25,Stockholm,--,SWE,SWE,74,194,2015,3,87,20192020,N,4,0,0,0
Carter Verhaeghe,TBL,L,C,1995-08-14,Toronto,ON,CAN,CAN,73,177,2013,3,82,20192020,N,32,5,4,9
Max Veronneau,OTT,R,R,1995-12-12,Ottawa,ON,CAN,CAN,73,193,--,--,--,20182019,N,4,0,0,0
Jimmy Vesey,BUF,L,L,1993-05-26,Boston,MA,USA,USA,75,202,2012,3,66,20162017,N,42,5,8,13
Jake Virtanen,VAN,R,R,1996-08-17,Langley,BC,CAN,CAN,73,226,2014,1,6,20152016,N,46,13,12,25
Marc-Edouard Vlasic,SJS,L,D,1987-03-30,Montreal,QC,CAN,CAN,73,205,2005,2,35,20062007,N,47,5,5,10
Alexander Volkov,TBL,L,R,1997-08-02,Moscow,--,RUS,RUS,73,191,2017,2,48,20192020,N,6,0,0,0
Jakub Voracek,PHI,L,R,1989-08-15,Kladno,--,CZE,CZE,74,214,2007,1,7,20082009,N,45,8,26,34
Mikhail Vorobyev,PHI,L,C,1997-01-05,Ufa,--,RUS,RUS,74,194,2015,4,104,20182019,N,20,1,2,3
Jakub Vrana,WSH,L,L,1996-02-28,Prague,--,CZE,CZE,72,195,2014,1,13,20162017,N,46,20,17,37
Austin Wagner,LAK,L,L,1997-06-23,Calgary,AB,CAN,CAN,73,185,2015,4,99,20182019,N,43,3,4,7
Chris Wagner,BOS,R,R,1991-05-27,Walpole,MA,USA,USA,72,198,2010,5,122,20142015,N,44,4,4,8
Oliver Wahlstrom,NYI,R,R,2000-06-13,Quincy,MA,USA,USA,74,211,2018,1,11,20192020,N,9,0,0,0
Nathan Walker,STL,L,L,1994-02-07,Cardiff,--,GBR,AUS,69,186,2014,3,89,20172018,N,5,1,1,2
Sean Walker,LAK,R,D,1994-11-13,Keswick,ON,CAN,CAN,71,196,--,--,--,20182019,N,47,4,14,18
Lucas Wallmark,CAR,L,C,1995-09-05,Umea,--,SWE,SWE,72,178,2014,4,97,20162017,N,45,10,11,21
Jake Walman,STL,L,D,1996-02-20,Toronto,ON,CAN,CAN,73,170,2014,3,82,20192020,N,1,0,0,0
Austin Watson,NSH,R,L,1992-01-13,Ann Arbor,MI,USA,USA,76,204,2010,1,18,20122013,N,40,6,7,13
Jordan Weal,MTL,R,C,1992-04-15,North Vancouver,BC,CAN,CAN,70,180,2010,3,70,20152016,N,36,4,3,7
Shea Weber,MTL,R,D,1985-08-14,Sicamous,BC,CAN,CAN,76,230,2003,2,49,20052006,N,46,12,20,32
Yannick Weber,NSH,R,D,1988-09-23,Morges,--,CHE,CHE,71,200,2007,3,73,20082009,N,25,0,1,1
Anton Wedin,CHI,L,L,1993-03-01,Sundsvall,--,SWE,SWE,71,195,--,--,--,20192020,N,4,0,0,0
MacKenzie Weegar,FLA,R,D,1994-01-07,Ottawa,ON,CAN,CAN,72,200,2013,7,206,20162017,N,28,3,9,12
Dale Weise,MTL,R,R,1988-08-05,Winnipeg,MB,CAN,CAN,74,196,2008,4,111,20102011,N,5,0,0,0
Alexander Wennberg,CBJ,L,C,1994-09-22,Stockholm,--,SWE,SWE,74,197,2013,1,14,20142015,N,45,3,13,16
Zach Werenski,CBJ,L,D,1997-07-19,Grosse Pointe,MI,USA,USA,74,212,2015,1,8,20162017,N,39,15,13,28
Blake Wheeler,WPG,R,R,1986-08-31,Plymouth,MN,USA,USA,77,225,2004,1,5,20082009,N,46,14,26,40
Colin White,OTT,R,C,1997-01-30,Boston,MA,USA,USA,71,191,2015,1,21,20162017,N,38,4,8,12
Colin Wilson,COL,L,C,1989-10-20,Greenwich,CT,USA,USA,73,215,2008,1,7,20092010,N,9,0,4,4
Scott Wilson,BUF,L,L,1992-04-24,Oakville,ON,CAN,CAN,71,177,2011,7,209,20142015,N,2,0,0,0
Tom Wilson,WSH,R,R,1994-03-29,Toronto,ON,CAN,CAN,76,220,2012,1,16,20132014,N,45,13,17,30
Luke Witkowski,TBL,R,R,1990-04-14,Holland,MI,USA,USA,74,217,2008,6,160,20142015,N,12,1,2,3
Miles Wood,NJD,L,L,1995-09-13,Buffalo,NY,USA,USA,74,195,2013,4,100,20152016,N,45,7,8,15
Kailer Yamamoto,EDM,R,R,1998-09-29,Spokane,WA,USA,USA,68,153,2017,1,22,20172018,N,6,2,3,5
Keith Yandle,FLA,L,D,1986-09-09,Boston,MA,USA,USA,73,192,2005,4,105,20062007,N,45,4,30,34
Danil Yurtaykin,SJS,R,L,1997-07-01,Belovo,--,RUS,RUS,71,165,--,--,--,20192020,N,4,0,0,0
Pavel Zacha,NJD,L,C,1997-04-06,Brno,--,CZE,CZE,75,210,2015,1,6,20152016,N,41,3,15,18
Filip Zadina,DET,L,R,1999-11-27,Pardubice,--,CZE,CZE,72,189,2018,1,6,20182019,N,21,5,6,11
Nikita Zadorov,COL,L,D,1995-04-16,Moscow,--,RUS,RUS,78,235,2013,1,16,20132014,N,41,1,4,5
Nikita Zaitsev,OTT,R,D,1991-10-29,Moscow,--,RUS,RUS,74,188,--,--,--,20162017,N,32,0,8,8
Travis Zajac,NJD,R,C,1985-05-13,Winnipeg,MB,CAN,CAN,74,185,2004,1,20,20062007,N,45,6,11,17
Mika Zibanejad,NYR,R,C,1993-04-18,Huddinge,--,SWE,SWE,74,208,2011,1,6,20112012,N,31,17,18,35
Mats Zuccarello,MIN,L,R,1987-09-01,Oslo,--,NOR,NOR,68,178,--,--,--,20102011,N,41,11,13,24
Jason Zucker,MIN,L,L,1992-01-16,Newport Beach,CA,USA,USA,71,192,2010,2,59,20112012,N,35,12,12,24
Valentin Zykov,VGK,R,L,1995-05-15,St. Petersburg,--,RUS,RUS,72,220,2013,2,37,20162017,N,15,1,3,4
